"app_name","rule_name"
"SA-AccessProtection","Access - Account Deleted - Rule"
"SA-AccessProtection","Access - Brute Force Access Behavior Detected - Rule"
"SA-AccessProtection","Access - Brute Force Access Behavior Detected Over 1d - Rule"
"SA-AccessProtection","Access - Cleartext Password At Rest - Rule"
"SA-AccessProtection","Access - Completely Inactive Account - Rule"
"DA-ESS-AccessProtection","Access - Concurrent App Accesses - Rule"
"SA-AccessProtection","Access - Default Account Usage - Rule"
"SA-AccessProtection","Access - Default Accounts At Rest - Rule"
"DA-ESS-AccessProtection","Access - Geographically Improbable Access Detected - Rule"
"SA-AuditAndDataProtection","Audit - Anomalous Audit Trail Activity Detected - Rule"
"SA-AuditAndDataProtection","Audit - Expected Host Not Reporting - Rule"
"SA-AuditAndDataProtection","Audit - Potential Gap in Data - Rule"
"DA-ESS-EndpointProtection","Endpoint - Anomalous New Listening Port - Rule"
"DA-ESS-EndpointProtection","Endpoint - Host Sending Excessive Email - Rule"
"DA-ESS-EndpointProtection","Endpoint - Host With Excessive Number Of Listening Ports - Rule"
"DA-ESS-EndpointProtection","Endpoint - Host With Excessive Number Of Processes - Rule"
"DA-ESS-EndpointProtection","Endpoint - Host With Excessive Number Of Services - Rule"
"SA-EndpointProtection","Endpoint - Should Timesync Host Not Syncing - Rule"
"DA-ESS-ContentUpdate","ESCU - 3CX Supply Chain Attack Network Indicators - Rule"
"DA-ESS-ContentUpdate","ESCU - 7zip CommandLine To SMB Share Path - Rule"
"DA-ESS-ContentUpdate","ESCU - Abnormally High AWS Instances Launched by User - MLTK - Rule"
"DA-ESS-ContentUpdate","ESCU - Abnormally High AWS Instances Launched by User - Rule"
"DA-ESS-ContentUpdate","ESCU - Abnormally High AWS Instances Terminated by User - MLTK - Rule"
"DA-ESS-ContentUpdate","ESCU - Abnormally High AWS Instances Terminated by User - Rule"
"DA-ESS-ContentUpdate","ESCU - Abnormally High Number Of Cloud Infrastructure API Calls - Rule"
"DA-ESS-ContentUpdate","ESCU - Abnormally High Number Of Cloud Instances Destroyed - Rule"
"DA-ESS-ContentUpdate","ESCU - Abnormally High Number Of Cloud Instances Launched - Rule"
"DA-ESS-ContentUpdate","ESCU - Abnormally High Number Of Cloud Security Group API Calls - Rule"
"DA-ESS-ContentUpdate","ESCU - Access LSASS Memory for Dump Creation - Rule"
"DA-ESS-ContentUpdate","ESCU - Account Discovery With Net App - Rule"
"DA-ESS-ContentUpdate","ESCU - Active Setup Registry Autostart - Rule"
"DA-ESS-ContentUpdate","ESCU - Add DefaultUser And Password In Registry - Rule"
"DA-ESS-ContentUpdate","ESCU - Add or Set Windows Defender Exclusion - Rule"
"DA-ESS-ContentUpdate","ESCU - AdsiSearcher Account Discovery - Rule"
"DA-ESS-ContentUpdate","ESCU - Allow File And Printing Sharing In Firewall - Rule"
"DA-ESS-ContentUpdate","ESCU - Allow Inbound Traffic By Firewall Rule Registry - Rule"
"DA-ESS-ContentUpdate","ESCU - Allow Inbound Traffic In Firewall Rule - Rule"
"DA-ESS-ContentUpdate","ESCU - Allow Network Discovery In Firewall - Rule"
"DA-ESS-ContentUpdate","ESCU - Allow Operation with Consent Admin - Rule"
"DA-ESS-ContentUpdate","ESCU - Amazon EKS Kubernetes cluster scan detection - Rule"
"DA-ESS-ContentUpdate","ESCU - Amazon EKS Kubernetes Pod scan detection - Rule"
"DA-ESS-ContentUpdate","ESCU - Anomalous usage of 7zip - Rule"
"DA-ESS-ContentUpdate","ESCU - Any Powershell DownloadFile - Rule"
"DA-ESS-ContentUpdate","ESCU - Any Powershell DownloadString - Rule"
"DA-ESS-ContentUpdate","ESCU - Attacker Tools On Endpoint - Rule"
"DA-ESS-ContentUpdate","ESCU - Attempt To Add Certificate To Untrusted Store - Rule"
"DA-ESS-ContentUpdate","ESCU - Attempt To Stop Security Service - Rule"
"DA-ESS-ContentUpdate","ESCU - Attempted Credential Dump From Registry via Reg exe - Rule"
"DA-ESS-ContentUpdate","ESCU - Auto Admin Logon Registry Entry - Rule"
"DA-ESS-ContentUpdate","ESCU - AWS Cloud Provisioning From Previously Unseen City - Rule"
"DA-ESS-ContentUpdate","ESCU - AWS Cloud Provisioning From Previously Unseen Country - Rule"
"DA-ESS-ContentUpdate","ESCU - AWS Cloud Provisioning From Previously Unseen Region - Rule"
"DA-ESS-ContentUpdate","ESCU - AWS Concurrent Sessions From Different Ips - Rule"
"DA-ESS-ContentUpdate","ESCU - AWS Console Login Failed During MFA Challenge - Rule"
"DA-ESS-ContentUpdate","ESCU - AWS Create Policy Version to allow all resources - Rule"
"DA-ESS-ContentUpdate","ESCU - AWS CreateAccessKey - Rule"
"DA-ESS-ContentUpdate","ESCU - AWS CreateLoginProfile - Rule"
"DA-ESS-ContentUpdate","ESCU - AWS Credential Access Failed Login - Rule"
"DA-ESS-ContentUpdate","ESCU - AWS Credential Access GetPasswordData - Rule"
"DA-ESS-ContentUpdate","ESCU - AWS Credential Access RDS Password reset - Rule"
"DA-ESS-ContentUpdate","ESCU - AWS Defense Evasion Delete Cloudtrail - Rule"
"DA-ESS-ContentUpdate","ESCU - AWS Defense Evasion Delete CloudWatch Log Group - Rule"
"DA-ESS-ContentUpdate","ESCU - AWS Defense Evasion Impair Security Services - Rule"
"DA-ESS-ContentUpdate","ESCU - AWS Defense Evasion PutBucketLifecycle - Rule"
"DA-ESS-ContentUpdate","ESCU - AWS Defense Evasion Stop Logging Cloudtrail - Rule"
"DA-ESS-ContentUpdate","ESCU - AWS Defense Evasion Update Cloudtrail - Rule"
"DA-ESS-ContentUpdate","ESCU - aws detect attach to role policy - Rule"
"DA-ESS-ContentUpdate","ESCU - aws detect permanent key creation - Rule"
"DA-ESS-ContentUpdate","ESCU - aws detect role creation - Rule"
"DA-ESS-ContentUpdate","ESCU - aws detect sts assume role abuse - Rule"
"DA-ESS-ContentUpdate","ESCU - aws detect sts get session token abuse - Rule"
"DA-ESS-ContentUpdate","ESCU - AWS Detect Users creating keys with encrypt policy without MFA - Rule"
"DA-ESS-ContentUpdate","ESCU - AWS Detect Users with KMS keys performing encryption S3 - Rule"
"DA-ESS-ContentUpdate","ESCU - AWS ECR Container Scanning Findings High - Rule"
"DA-ESS-ContentUpdate","ESCU - AWS ECR Container Scanning Findings Low Informational Unknown - Rule"
"DA-ESS-ContentUpdate","ESCU - AWS ECR Container Scanning Findings Medium - Rule"
"DA-ESS-ContentUpdate","ESCU - AWS ECR Container Upload Outside Business Hours - Rule"
"DA-ESS-ContentUpdate","ESCU - AWS ECR Container Upload Unknown User - Rule"
"DA-ESS-ContentUpdate","ESCU - AWS Excessive Security Scanning - Rule"
"DA-ESS-ContentUpdate","ESCU - AWS High Number Of Failed Authentications For User - Rule"
"DA-ESS-ContentUpdate","ESCU - AWS High Number Of Failed Authentications From Ip - Rule"
"DA-ESS-ContentUpdate","ESCU - AWS IAM AccessDenied Discovery Events - Rule"
"DA-ESS-ContentUpdate","ESCU - AWS IAM Assume Role Policy Brute Force - Rule"
"DA-ESS-ContentUpdate","ESCU - AWS IAM Delete Policy - Rule"
"DA-ESS-ContentUpdate","ESCU - AWS IAM Failure Group Deletion - Rule"
"DA-ESS-ContentUpdate","ESCU - AWS IAM Successful Group Deletion - Rule"
"DA-ESS-ContentUpdate","ESCU - AWS Lambda UpdateFunctionCode - Rule"
"DA-ESS-ContentUpdate","ESCU - AWS Multi-Factor Authentication Disabled - Rule"
"DA-ESS-ContentUpdate","ESCU - AWS Multiple Failed MFA Requests For User - Rule"
"DA-ESS-ContentUpdate","ESCU - AWS Multiple Users Failing To Authenticate From Ip - Rule"
"DA-ESS-ContentUpdate","ESCU - AWS Network Access Control List Created with All Open Ports - Rule"
"DA-ESS-ContentUpdate","ESCU - AWS Network Access Control List Deleted - Rule"
"DA-ESS-ContentUpdate","ESCU - AWS New MFA Method Registered For User - Rule"
"DA-ESS-ContentUpdate","ESCU - AWS Password Policy Changes - Rule"
"DA-ESS-ContentUpdate","ESCU - AWS SAML Access by Provider User and Principal - Rule"
"DA-ESS-ContentUpdate","ESCU - AWS SAML Update identity provider - Rule"
"DA-ESS-ContentUpdate","ESCU - AWS SetDefaultPolicyVersion - Rule"
"DA-ESS-ContentUpdate","ESCU - AWS Successful Console Authentication From Multiple IPs - Rule"
"DA-ESS-ContentUpdate","ESCU - AWS Successful Single-Factor Authentication - Rule"
"DA-ESS-ContentUpdate","ESCU - AWS Unusual Number of Failed Authentications From Ip - Rule"
"DA-ESS-ContentUpdate","ESCU - AWS UpdateLoginProfile - Rule"
"DA-ESS-ContentUpdate","ESCU - Azure Active Directory High Risk Sign-in - Rule"
"DA-ESS-ContentUpdate","ESCU - Azure AD Authentication Failed During MFA Challenge - Rule"
"DA-ESS-ContentUpdate","ESCU - Azure AD Concurrent Sessions From Different Ips - Rule"
"DA-ESS-ContentUpdate","ESCU - Azure AD External Guest User Invited - Rule"
"DA-ESS-ContentUpdate","ESCU - Azure AD Global Administrator Role Assigned - Rule"
"DA-ESS-ContentUpdate","ESCU - Azure AD High Number Of Failed Authentications For User - Rule"
"DA-ESS-ContentUpdate","ESCU - Azure AD High Number Of Failed Authentications From Ip - Rule"
"DA-ESS-ContentUpdate","ESCU - Azure AD Multi-Factor Authentication Disabled - Rule"
"DA-ESS-ContentUpdate","ESCU - Azure AD Multiple Failed MFA Requests For User - Rule"
"DA-ESS-ContentUpdate","ESCU - Azure AD Multiple Users Failing To Authenticate From Ip - Rule"
"DA-ESS-ContentUpdate","ESCU - Azure AD New Custom Domain Added - Rule"
"DA-ESS-ContentUpdate","ESCU - Azure AD New Federated Domain Added - Rule"
"DA-ESS-ContentUpdate","ESCU - Azure AD New MFA Method Registered For User - Rule"
"DA-ESS-ContentUpdate","ESCU - Azure AD Privileged Role Assigned - Rule"
"DA-ESS-ContentUpdate","ESCU - Azure AD Service Principal Created - Rule"
"DA-ESS-ContentUpdate","ESCU - Azure AD Service Principal New Client Credentials - Rule"
"DA-ESS-ContentUpdate","ESCU - Azure AD Service Principal Owner Added - Rule"
"DA-ESS-ContentUpdate","ESCU - Azure AD Successful Authentication From Different Ips - Rule"
"DA-ESS-ContentUpdate","ESCU - Azure AD Successful PowerShell Authentication - Rule"
"DA-ESS-ContentUpdate","ESCU - Azure AD Successful Single-Factor Authentication - Rule"
"DA-ESS-ContentUpdate","ESCU - Azure AD Unusual Number of Failed Authentications From Ip - Rule"
"DA-ESS-ContentUpdate","ESCU - Azure AD User Enabled And Password Reset - Rule"
"DA-ESS-ContentUpdate","ESCU - Azure AD User ImmutableId Attribute Updated - Rule"
"DA-ESS-ContentUpdate","ESCU - Azure Automation Account Created - Rule"
"DA-ESS-ContentUpdate","ESCU - Azure Automation Runbook Created - Rule"
"DA-ESS-ContentUpdate","ESCU - Azure Runbook Webhook Created - Rule"
"DA-ESS-ContentUpdate","ESCU - Batch File Write to System32 - Rule"
"DA-ESS-ContentUpdate","ESCU - Bcdedit Command Back To Normal Mode Boot - Rule"
"DA-ESS-ContentUpdate","ESCU - BCDEdit Failure Recovery Modification - Rule"
"DA-ESS-ContentUpdate","ESCU - BITS Job Persistence - Rule"
"DA-ESS-ContentUpdate","ESCU - BITSAdmin Download File - Rule"
"DA-ESS-ContentUpdate","ESCU - CertUtil Download With URLCache and Split Arguments - Rule"
"DA-ESS-ContentUpdate","ESCU - CertUtil Download With VerifyCtl and Split Arguments - Rule"
"DA-ESS-ContentUpdate","ESCU - CertUtil With Decode Argument - Rule"
"DA-ESS-ContentUpdate","ESCU - Change Default File Association - Rule"
"DA-ESS-ContentUpdate","ESCU - Change To Safe Mode With Network Config - Rule"
"DA-ESS-ContentUpdate","ESCU - CHCP Command Execution - Rule"
"DA-ESS-ContentUpdate","ESCU - Check Elevated CMD using whoami - Rule"
"DA-ESS-ContentUpdate","ESCU - Child Processes of Spoolsv exe - Rule"
"DA-ESS-ContentUpdate","ESCU - Circle CI Disable Security Job - Rule"
"DA-ESS-ContentUpdate","ESCU - Circle CI Disable Security Step - Rule"
"DA-ESS-ContentUpdate","ESCU - Clear Unallocated Sector Using Cipher App - Rule"
"DA-ESS-ContentUpdate","ESCU - Clients Connecting to Multiple DNS Servers - Rule"
"DA-ESS-ContentUpdate","ESCU - Clop Common Exec Parameter - Rule"
"DA-ESS-ContentUpdate","ESCU - Clop Ransomware Known Service Name - Rule"
"DA-ESS-ContentUpdate","ESCU - Cloud API Calls From Previously Unseen User Roles - Rule"
"DA-ESS-ContentUpdate","ESCU - Cloud Compute Instance Created By Previously Unseen User - Rule"
"DA-ESS-ContentUpdate","ESCU - Cloud Compute Instance Created In Previously Unused Region - Rule"
"DA-ESS-ContentUpdate","ESCU - Cloud Instance Modified By Previously Unseen User - Rule"
"DA-ESS-ContentUpdate","ESCU - Cloud Provisioning Activity From Previously Unseen City - Rule"
"DA-ESS-ContentUpdate","ESCU - Cloud Provisioning Activity From Previously Unseen Country - Rule"
"DA-ESS-ContentUpdate","ESCU - Cloud Provisioning Activity From Previously Unseen IP Address - Rule"
"DA-ESS-ContentUpdate","ESCU - Cloud Provisioning Activity From Previously Unseen Region - Rule"
"DA-ESS-ContentUpdate","ESCU - CMD Carry Out String Command Parameter - Rule"
"DA-ESS-ContentUpdate","ESCU - CMD Echo Pipe - Escalation - Rule"
"DA-ESS-ContentUpdate","ESCU - Cmdline Tool Not Executed In CMD Shell - Rule"
"DA-ESS-ContentUpdate","ESCU - CMLUA Or CMSTPLUA UAC Bypass - Rule"
"DA-ESS-ContentUpdate","ESCU - Cobalt Strike Named Pipes - Rule"
"DA-ESS-ContentUpdate","ESCU - Common Ransomware Extensions - Rule"
"DA-ESS-ContentUpdate","ESCU - Common Ransomware Notes - Rule"
"DA-ESS-ContentUpdate","ESCU - Confluence Unauthenticated Remote Code Execution CVE-2022-26134 - Rule"
"DA-ESS-ContentUpdate","ESCU - Conti Common Exec parameter - Rule"
"DA-ESS-ContentUpdate","ESCU - Control Loading from World Writable Directory - Rule"
"DA-ESS-ContentUpdate","ESCU - Correlation by Repository and Risk - Rule"
"DA-ESS-ContentUpdate","ESCU - Correlation by User and Risk - Rule"
"DA-ESS-ContentUpdate","ESCU - Create local admin accounts using net exe - Rule"
"DA-ESS-ContentUpdate","ESCU - Create or delete windows shares using net exe - Rule"
"DA-ESS-ContentUpdate","ESCU - Create Remote Thread In Shell Application - Rule"
"DA-ESS-ContentUpdate","ESCU - Create Remote Thread into LSASS - Rule"
"DA-ESS-ContentUpdate","ESCU - Creation of lsass Dump with Taskmgr - Rule"
"DA-ESS-ContentUpdate","ESCU - Creation of Shadow Copy - Rule"
"DA-ESS-ContentUpdate","ESCU - Creation of Shadow Copy with wmic and powershell - Rule"
"DA-ESS-ContentUpdate","ESCU - Credential Dumping via Copy Command from Shadow Copy - Rule"
"DA-ESS-ContentUpdate","ESCU - Credential Dumping via Symlink to Shadow Copy - Rule"
"DA-ESS-ContentUpdate","ESCU - CSC Net On The Fly Compilation - Rule"
"DA-ESS-ContentUpdate","ESCU - Curl Download and Bash Execution - Rule"
"DA-ESS-ContentUpdate","ESCU - Delete ShadowCopy With PowerShell - Rule"
"DA-ESS-ContentUpdate","ESCU - Deleting Of Net Users - Rule"
"DA-ESS-ContentUpdate","ESCU - Deleting Shadow Copies - Rule"
"DA-ESS-ContentUpdate","ESCU - Detect Activity Related to Pass the Hash Attacks - Rule"
"DA-ESS-ContentUpdate","ESCU - Detect ARP Poisoning - Rule"
"DA-ESS-ContentUpdate","ESCU - Detect attackers scanning for vulnerable JBoss servers - Rule"
"DA-ESS-ContentUpdate","ESCU - Detect AWS API Activities From Unapproved Accounts - Rule"
"DA-ESS-ContentUpdate","ESCU - Detect AWS Console Login by New User - Rule"
"DA-ESS-ContentUpdate","ESCU - Detect AWS Console Login by User from New City - Rule"
"DA-ESS-ContentUpdate","ESCU - Detect AWS Console Login by User from New Country - Rule"
"DA-ESS-ContentUpdate","ESCU - Detect AWS Console Login by User from New Region - Rule"
"DA-ESS-ContentUpdate","ESCU - Detect AzureHound Command-Line Arguments - Rule"
"DA-ESS-ContentUpdate","ESCU - Detect AzureHound File Modifications - Rule"
"DA-ESS-ContentUpdate","ESCU - Detect Baron Samedit CVE-2021-3156 - Rule"
"DA-ESS-ContentUpdate","ESCU - Detect Baron Samedit CVE-2021-3156 Segfault - Rule"
"DA-ESS-ContentUpdate","ESCU - Detect Baron Samedit CVE-2021-3156 via OSQuery - Rule"
"DA-ESS-ContentUpdate","ESCU - Detect Computer Changed with Anonymous Account - Rule"
"DA-ESS-ContentUpdate","ESCU - Detect Copy of ShadowCopy with Script Block Logging - Rule"
"DA-ESS-ContentUpdate","ESCU - Detect Credential Dumping through LSASS access - Rule"
"DA-ESS-ContentUpdate","ESCU - Detect DGA domains using pretrained model in DSDL - Rule"
"DA-ESS-ContentUpdate","ESCU - Detect DNS requests to Phishing Sites leveraging EvilGinx2 - Rule"
"DA-ESS-ContentUpdate","ESCU - Detect Empire with PowerShell Script Block Logging - Rule"
"DA-ESS-ContentUpdate","ESCU - Detect Excessive Account Lockouts From Endpoint - Rule"
"DA-ESS-ContentUpdate","ESCU - Detect Excessive User Account Lockouts - Rule"
"DA-ESS-ContentUpdate","ESCU - Detect Exchange Web Shell - Rule"
"DA-ESS-ContentUpdate","ESCU - Detect F5 TMUI RCE CVE-2020-5902 - Rule"
"DA-ESS-ContentUpdate","ESCU - Detect GCP Storage access from a new IP - Rule"
"DA-ESS-ContentUpdate","ESCU - Detect hosts connecting to dynamic domain providers - Rule"
"DA-ESS-ContentUpdate","ESCU - Detect HTML Help Renamed - Rule"
"DA-ESS-ContentUpdate","ESCU - Detect HTML Help Spawn Child Process - Rule"
"DA-ESS-ContentUpdate","ESCU - Detect HTML Help URL in Command Line - Rule"
"DA-ESS-ContentUpdate","ESCU - Detect HTML Help Using InfoTech Storage Handlers - Rule"
"DA-ESS-ContentUpdate","ESCU - Detect IPv6 Network Infrastructure Threats - Rule"
"DA-ESS-ContentUpdate","ESCU - Detect Large Outbound ICMP Packets - Rule"
"DA-ESS-ContentUpdate","ESCU - Detect Long DNS TXT Record Response - Rule"
"DA-ESS-ContentUpdate","ESCU - Detect Mimikatz Using Loaded Images - Rule"
"DA-ESS-ContentUpdate","ESCU - Detect Mimikatz Via PowerShell And EventCode 4703 - Rule"
"DA-ESS-ContentUpdate","ESCU - Detect Mimikatz With PowerShell Script Block Logging - Rule"
"DA-ESS-ContentUpdate","ESCU - Detect mshta inline hta execution - Rule"
"DA-ESS-ContentUpdate","ESCU - Detect mshta renamed - Rule"
"DA-ESS-ContentUpdate","ESCU - Detect MSHTA Url in Command Line - Rule"
"DA-ESS-ContentUpdate","ESCU - Detect new API calls from user roles - Rule"
"DA-ESS-ContentUpdate","ESCU - Detect New Local Admin account - Rule"
"DA-ESS-ContentUpdate","ESCU - Detect New Open GCP Storage Buckets - Rule"
"DA-ESS-ContentUpdate","ESCU - Detect New Open S3 buckets - Rule"
"DA-ESS-ContentUpdate","ESCU - Detect New Open S3 Buckets over AWS CLI - Rule"
"DA-ESS-ContentUpdate","ESCU - Detect new user AWS Console Login - Rule"
"DA-ESS-ContentUpdate","ESCU - Detect Outbound LDAP Traffic - Rule"
"DA-ESS-ContentUpdate","ESCU - Detect Outbound SMB Traffic - Rule"
"DA-ESS-ContentUpdate","ESCU - Detect Outlook exe writing a zip file - Rule"
"DA-ESS-ContentUpdate","ESCU - Detect Path Interception By Creation Of program exe - Rule"
"DA-ESS-ContentUpdate","ESCU - Detect Port Security Violation - Rule"
"DA-ESS-ContentUpdate","ESCU - Detect processes used for System Network Configuration Discovery - Rule"
"DA-ESS-ContentUpdate","ESCU - Detect Prohibited Applications Spawning cmd exe - Rule"
"DA-ESS-ContentUpdate","ESCU - Detect PsExec With accepteula Flag - Rule"
"DA-ESS-ContentUpdate","ESCU - Detect RClone Command-Line Usage - Rule"
"DA-ESS-ContentUpdate","ESCU - Detect Regasm Spawning a Process - Rule"
"DA-ESS-ContentUpdate","ESCU - Detect Regasm with Network Connection - Rule"
"DA-ESS-ContentUpdate","ESCU - Detect Regasm with no Command Line Arguments - Rule"
"DA-ESS-ContentUpdate","ESCU - Detect Regsvcs Spawning a Process - Rule"
"DA-ESS-ContentUpdate","ESCU - Detect Regsvcs with Network Connection - Rule"
"DA-ESS-ContentUpdate","ESCU - Detect Regsvcs with No Command Line Arguments - Rule"
"DA-ESS-ContentUpdate","ESCU - Detect Regsvr32 Application Control Bypass - Rule"
"DA-ESS-ContentUpdate","ESCU - Detect Renamed 7-Zip - Rule"
"DA-ESS-ContentUpdate","ESCU - Detect Renamed PSExec - Rule"
"DA-ESS-ContentUpdate","ESCU - Detect Renamed RClone - Rule"
"DA-ESS-ContentUpdate","ESCU - Detect Renamed WinRAR - Rule"
"DA-ESS-ContentUpdate","ESCU - Detect Risky SPL using Pretrained ML Model - Rule"
"DA-ESS-ContentUpdate","ESCU - Detect Rogue DHCP Server - Rule"
"DA-ESS-ContentUpdate","ESCU - Detect Rundll32 Application Control Bypass - advpack - Rule"
"DA-ESS-ContentUpdate","ESCU - Detect Rundll32 Application Control Bypass - setupapi - Rule"
"DA-ESS-ContentUpdate","ESCU - Detect Rundll32 Application Control Bypass - syssetup - Rule"
"DA-ESS-ContentUpdate","ESCU - Detect Rundll32 Inline HTA Execution - Rule"
"DA-ESS-ContentUpdate","ESCU - Detect S3 access from a new IP - Rule"
"DA-ESS-ContentUpdate","ESCU - Detect shared ec2 snapshot - Rule"
"DA-ESS-ContentUpdate","ESCU - Detect SharpHound Command-Line Arguments - Rule"
"DA-ESS-ContentUpdate","ESCU - Detect SharpHound File Modifications - Rule"
"DA-ESS-ContentUpdate","ESCU - Detect SharpHound Usage - Rule"
"DA-ESS-ContentUpdate","ESCU - Detect SNICat SNI Exfiltration - Rule"
"DA-ESS-ContentUpdate","ESCU - Detect Software Download To Network Device - Rule"
"DA-ESS-ContentUpdate","ESCU - Detect Spike in AWS API Activity - Rule"
"DA-ESS-ContentUpdate","ESCU - Detect Spike in Network ACL Activity - Rule"
"DA-ESS-ContentUpdate","ESCU - Detect Spike in S3 Bucket deletion - Rule"
"DA-ESS-ContentUpdate","ESCU - Detect Spike in Security Group Activity - Rule"
"DA-ESS-ContentUpdate","ESCU - Detect suspicious DNS TXT records using pretrained model in DSDL - Rule"
"DA-ESS-ContentUpdate","ESCU - Detect suspicious processnames using a pretrained model in DSDL - Rule"
"DA-ESS-ContentUpdate","ESCU - Detect Traffic Mirroring - Rule"
"DA-ESS-ContentUpdate","ESCU - Detect Use of cmd exe to Launch Script Interpreters - Rule"
"DA-ESS-ContentUpdate","ESCU - Detect web traffic to dynamic domain providers - Rule"
"DA-ESS-ContentUpdate","ESCU - Detect Windows DNS SIGRed via Splunk Stream - Rule"
"DA-ESS-ContentUpdate","ESCU - Detect Windows DNS SIGRed via Zeek - Rule"
"DA-ESS-ContentUpdate","ESCU - Detect WMI Event Subscription Persistence - Rule"
"DA-ESS-ContentUpdate","ESCU - Detect Zerologon via Zeek - Rule"
"DA-ESS-ContentUpdate","ESCU - Detection of DNS Tunnels - Rule"
"DA-ESS-ContentUpdate","ESCU - Detection of tools built by NirSoft - Rule"
"DA-ESS-ContentUpdate","ESCU - Disable AMSI Through Registry - Rule"
"DA-ESS-ContentUpdate","ESCU - Disable Defender AntiVirus Registry - Rule"
"DA-ESS-ContentUpdate","ESCU - Disable Defender BlockAtFirstSeen Feature - Rule"
"DA-ESS-ContentUpdate","ESCU - Disable Defender Enhanced Notification - Rule"
"DA-ESS-ContentUpdate","ESCU - Disable Defender MpEngine Registry - Rule"
"DA-ESS-ContentUpdate","ESCU - Disable Defender Spynet Reporting - Rule"
"DA-ESS-ContentUpdate","ESCU - Disable Defender Submit Samples Consent Feature - Rule"
"DA-ESS-ContentUpdate","ESCU - Disable ETW Through Registry - Rule"
"DA-ESS-ContentUpdate","ESCU - Disable Logs Using WevtUtil - Rule"
"DA-ESS-ContentUpdate","ESCU - Disable Registry Tool - Rule"
"DA-ESS-ContentUpdate","ESCU - Disable Schedule Task - Rule"
"DA-ESS-ContentUpdate","ESCU - Disable Security Logs Using MiniNt Registry - Rule"
"DA-ESS-ContentUpdate","ESCU - Disable Show Hidden Files - Rule"
"DA-ESS-ContentUpdate","ESCU - Disable UAC Remote Restriction - Rule"
"DA-ESS-ContentUpdate","ESCU - Disable Windows App Hotkeys - Rule"
"DA-ESS-ContentUpdate","ESCU - Disable Windows Behavior Monitoring - Rule"
"DA-ESS-ContentUpdate","ESCU - Disable Windows SmartScreen Protection - Rule"
"DA-ESS-ContentUpdate","ESCU - Disabled Kerberos Pre-Authentication Discovery With Get-ADUser - Rule"
"DA-ESS-ContentUpdate","ESCU - Disabled Kerberos Pre-Authentication Discovery With PowerView - Rule"
"DA-ESS-ContentUpdate","ESCU - Disabling CMD Application - Rule"
"DA-ESS-ContentUpdate","ESCU - Disabling ControlPanel - Rule"
"DA-ESS-ContentUpdate","ESCU - Disabling Defender Services - Rule"
"DA-ESS-ContentUpdate","ESCU - Disabling Firewall with Netsh - Rule"
"DA-ESS-ContentUpdate","ESCU - Disabling FolderOptions Windows Feature - Rule"
"DA-ESS-ContentUpdate","ESCU - Disabling Net User Account - Rule"
"DA-ESS-ContentUpdate","ESCU - Disabling NoRun Windows App - Rule"
"DA-ESS-ContentUpdate","ESCU - Disabling Remote User Account Control - Rule"
"DA-ESS-ContentUpdate","ESCU - Disabling SystemRestore In Registry - Rule"
"DA-ESS-ContentUpdate","ESCU - Disabling Task Manager - Rule"
"DA-ESS-ContentUpdate","ESCU - Disabling Windows Local Security Authority Defences via Registry - Rule"
"DA-ESS-ContentUpdate","ESCU - DLLHost with no Command Line Arguments with Network - Rule"
"DA-ESS-ContentUpdate","ESCU - DNS Exfiltration Using Nslookup App - Rule"
"DA-ESS-ContentUpdate","ESCU - DNS Query Length Outliers - MLTK - Rule"
"DA-ESS-ContentUpdate","ESCU - DNS Query Length With High Standard Deviation - Rule"
"DA-ESS-ContentUpdate","ESCU - DNS Query Requests Resolved by Unauthorized DNS Servers - Rule"
"DA-ESS-ContentUpdate","ESCU - DNS record changed - Rule"
"DA-ESS-ContentUpdate","ESCU - Domain Account Discovery with Dsquery - Rule"
"DA-ESS-ContentUpdate","ESCU - Domain Account Discovery With Net App - Rule"
"DA-ESS-ContentUpdate","ESCU - Domain Account Discovery with Wmic - Rule"
"DA-ESS-ContentUpdate","ESCU - Domain Controller Discovery with Nltest - Rule"
"DA-ESS-ContentUpdate","ESCU - Domain Controller Discovery with Wmic - Rule"
"DA-ESS-ContentUpdate","ESCU - Domain Group Discovery with Adsisearcher - Rule"
"DA-ESS-ContentUpdate","ESCU - Domain Group Discovery With Dsquery - Rule"
"DA-ESS-ContentUpdate","ESCU - Domain Group Discovery With Net - Rule"
"DA-ESS-ContentUpdate","ESCU - Domain Group Discovery With Wmic - Rule"
"DA-ESS-ContentUpdate","ESCU - Download Files Using Telegram - Rule"
"DA-ESS-ContentUpdate","ESCU - Drop IcedID License dat - Rule"
"DA-ESS-ContentUpdate","ESCU - DSQuery Domain Discovery - Rule"
"DA-ESS-ContentUpdate","ESCU - Dump LSASS via comsvcs DLL - Rule"
"DA-ESS-ContentUpdate","ESCU - Dump LSASS via procdump - Rule"
"DA-ESS-ContentUpdate","ESCU - Dump LSASS via procdump Rename - Rule"
"DA-ESS-ContentUpdate","ESCU - EC2 Instance Modified With Previously Unseen User - Rule"
"DA-ESS-ContentUpdate","ESCU - EC2 Instance Started In Previously Unseen Region - Rule"
"DA-ESS-ContentUpdate","ESCU - EC2 Instance Started With Previously Unseen User - Rule"
"DA-ESS-ContentUpdate","ESCU - Elevated Group Discovery With Net - Rule"
"DA-ESS-ContentUpdate","ESCU - Elevated Group Discovery with PowerView - Rule"
"DA-ESS-ContentUpdate","ESCU - Elevated Group Discovery With Wmic - Rule"
"DA-ESS-ContentUpdate","ESCU - Email files written outside of the Outlook directory - Rule"
"DA-ESS-ContentUpdate","ESCU - Email servers sending high volume traffic to hosts - Rule"
"DA-ESS-ContentUpdate","ESCU - Enable RDP In Other Port Number - Rule"
"DA-ESS-ContentUpdate","ESCU - Enable WDigest UseLogonCredential Registry - Rule"
"DA-ESS-ContentUpdate","ESCU - Enumerate Users Local Group Using Telegram - Rule"
"DA-ESS-ContentUpdate","ESCU - Esentutl SAM Copy - Rule"
"DA-ESS-ContentUpdate","ESCU - ETW Registry Disabled - Rule"
"DA-ESS-ContentUpdate","ESCU - Eventvwr UAC Bypass - Rule"
"DA-ESS-ContentUpdate","ESCU - Excel Spawning PowerShell - Rule"
"DA-ESS-ContentUpdate","ESCU - Excel Spawning Windows Script Host - Rule"
"DA-ESS-ContentUpdate","ESCU - Excessive Attempt To Disable Services - Rule"
"DA-ESS-ContentUpdate","ESCU - Excessive distinct processes from Windows Temp - Rule"
"DA-ESS-ContentUpdate","ESCU - Excessive DNS Failures - Rule"
"DA-ESS-ContentUpdate","ESCU - Excessive File Deletion In WinDefender Folder - Rule"
"DA-ESS-ContentUpdate","ESCU - Excessive number of service control start as disabled - Rule"
"DA-ESS-ContentUpdate","ESCU - Excessive number of taskhost processes - Rule"
"DA-ESS-ContentUpdate","ESCU - Excessive Service Stop Attempt - Rule"
"DA-ESS-ContentUpdate","ESCU - Excessive Usage Of Cacls App - Rule"
"DA-ESS-ContentUpdate","ESCU - Excessive Usage Of Net App - Rule"
"DA-ESS-ContentUpdate","ESCU - Excessive Usage of NSLOOKUP App - Rule"
"DA-ESS-ContentUpdate","ESCU - Excessive Usage Of SC Service Utility - Rule"
"DA-ESS-ContentUpdate","ESCU - Excessive Usage Of Taskkill - Rule"
"DA-ESS-ContentUpdate","ESCU - Exchange PowerShell Abuse via SSRF - Rule"
"DA-ESS-ContentUpdate","ESCU - Exchange PowerShell Module Usage - Rule"
"DA-ESS-ContentUpdate","ESCU - Executable File Written in Administrative SMB Share - Rule"
"DA-ESS-ContentUpdate","ESCU - Executables Or Script Creation In Suspicious Path - Rule"
"DA-ESS-ContentUpdate","ESCU - Execute Javascript With Jscript COM CLSID - Rule"
"DA-ESS-ContentUpdate","ESCU - Execution of File with Multiple Extensions - Rule"
"DA-ESS-ContentUpdate","ESCU - Execution of File With Spaces Before Extension - Rule"
"DA-ESS-ContentUpdate","ESCU - Exploit Public Facing Application via Apache Commons Text - Rule"
"DA-ESS-ContentUpdate","ESCU - Exploit Public-Facing Fortinet FortiNAC CVE-2022-39952 - Rule"
"DA-ESS-ContentUpdate","ESCU - Extraction of Registry Hives - Rule"
"DA-ESS-ContentUpdate","ESCU - F5 BIG-IP iControl REST Vulnerability CVE-2022-1388 - Rule"
"DA-ESS-ContentUpdate","ESCU - Firewall Allowed Program Enable - Rule"
"DA-ESS-ContentUpdate","ESCU - First Time Seen Child Process of Zoom - Rule"
"DA-ESS-ContentUpdate","ESCU - First time seen command line argument - Rule"
"DA-ESS-ContentUpdate","ESCU - First Time Seen Running Windows Service - Rule"
"DA-ESS-ContentUpdate","ESCU - FodHelper UAC Bypass - Rule"
"DA-ESS-ContentUpdate","ESCU - Fortinet Appliance Auth bypass - Rule"
"DA-ESS-ContentUpdate","ESCU - Fsutil Zeroing File - Rule"
"DA-ESS-ContentUpdate","ESCU - GCP Authentication Failed During MFA Challenge - Rule"
"DA-ESS-ContentUpdate","ESCU - GCP Detect accounts with high risk roles by project - Rule"
"DA-ESS-ContentUpdate","ESCU - GCP Detect gcploit framework - Rule"
"DA-ESS-ContentUpdate","ESCU - GCP Detect high risk permissions by resource and account - Rule"
"DA-ESS-ContentUpdate","ESCU - gcp detect oauth token abuse - Rule"
"DA-ESS-ContentUpdate","ESCU - GCP Kubernetes cluster pod scan detection - Rule"
"DA-ESS-ContentUpdate","ESCU - GCP Kubernetes cluster scan detection - Rule"
"DA-ESS-ContentUpdate","ESCU - GCP Multi-Factor Authentication Disabled - Rule"
"DA-ESS-ContentUpdate","ESCU - GCP Multiple Failed MFA Requests For User - Rule"
"DA-ESS-ContentUpdate","ESCU - GCP Multiple Users Failing To Authenticate From Ip - Rule"
"DA-ESS-ContentUpdate","ESCU - GCP Successful Single-Factor Authentication - Rule"
"DA-ESS-ContentUpdate","ESCU - GCP Unusual Number of Failed Authentications From Ip - Rule"
"DA-ESS-ContentUpdate","ESCU - Gdrive suspicious file sharing - Rule"
"DA-ESS-ContentUpdate","ESCU - Get ADDefaultDomainPasswordPolicy with Powershell - Rule"
"DA-ESS-ContentUpdate","ESCU - Get ADDefaultDomainPasswordPolicy with Powershell Script Block - Rule"
"DA-ESS-ContentUpdate","ESCU - Get ADUser with PowerShell - Rule"
"DA-ESS-ContentUpdate","ESCU - Get ADUser with PowerShell Script Block - Rule"
"DA-ESS-ContentUpdate","ESCU - Get ADUserResultantPasswordPolicy with Powershell - Rule"
"DA-ESS-ContentUpdate","ESCU - Get ADUserResultantPasswordPolicy with Powershell Script Block - Rule"
"DA-ESS-ContentUpdate","ESCU - Get DomainPolicy with Powershell - Rule"
"DA-ESS-ContentUpdate","ESCU - Get DomainPolicy with Powershell Script Block - Rule"
"DA-ESS-ContentUpdate","ESCU - Get DomainUser with PowerShell - Rule"
"DA-ESS-ContentUpdate","ESCU - Get DomainUser with PowerShell Script Block - Rule"
"DA-ESS-ContentUpdate","ESCU - Get WMIObject Group Discovery - Rule"
"DA-ESS-ContentUpdate","ESCU - Get WMIObject Group Discovery with Script Block Logging - Rule"
"DA-ESS-ContentUpdate","ESCU - Get-DomainTrust with PowerShell - Rule"
"DA-ESS-ContentUpdate","ESCU - Get-DomainTrust with PowerShell Script Block - Rule"
"DA-ESS-ContentUpdate","ESCU - Get-ForestTrust with PowerShell - Rule"
"DA-ESS-ContentUpdate","ESCU - Get-ForestTrust with PowerShell Script Block - Rule"
"DA-ESS-ContentUpdate","ESCU - GetAdComputer with PowerShell - Rule"
"DA-ESS-ContentUpdate","ESCU - GetAdComputer with PowerShell Script Block - Rule"
"DA-ESS-ContentUpdate","ESCU - GetAdGroup with PowerShell - Rule"
"DA-ESS-ContentUpdate","ESCU - GetAdGroup with PowerShell Script Block - Rule"
"DA-ESS-ContentUpdate","ESCU - GetCurrent User with PowerShell - Rule"
"DA-ESS-ContentUpdate","ESCU - GetCurrent User with PowerShell Script Block - Rule"
"DA-ESS-ContentUpdate","ESCU - GetDomainComputer with PowerShell - Rule"
"DA-ESS-ContentUpdate","ESCU - GetDomainComputer with PowerShell Script Block - Rule"
"DA-ESS-ContentUpdate","ESCU - GetDomainController with PowerShell - Rule"
"DA-ESS-ContentUpdate","ESCU - GetDomainController with PowerShell Script Block - Rule"
"DA-ESS-ContentUpdate","ESCU - GetDomainGroup with PowerShell - Rule"
"DA-ESS-ContentUpdate","ESCU - GetDomainGroup with PowerShell Script Block - Rule"
"DA-ESS-ContentUpdate","ESCU - GetLocalUser with PowerShell - Rule"
"DA-ESS-ContentUpdate","ESCU - GetLocalUser with PowerShell Script Block - Rule"
"DA-ESS-ContentUpdate","ESCU - GetNetTcpconnection with PowerShell - Rule"
"DA-ESS-ContentUpdate","ESCU - GetNetTcpconnection with PowerShell Script Block - Rule"
"DA-ESS-ContentUpdate","ESCU - GetWmiObject Ds Computer with PowerShell - Rule"
"DA-ESS-ContentUpdate","ESCU - GetWmiObject Ds Computer with PowerShell Script Block - Rule"
"DA-ESS-ContentUpdate","ESCU - GetWmiObject Ds Group with PowerShell - Rule"
"DA-ESS-ContentUpdate","ESCU - GetWmiObject Ds Group with PowerShell Script Block - Rule"
"DA-ESS-ContentUpdate","ESCU - GetWmiObject DS User with PowerShell - Rule"
"DA-ESS-ContentUpdate","ESCU - GetWmiObject DS User with PowerShell Script Block - Rule"
"DA-ESS-ContentUpdate","ESCU - GetWmiObject User Account with PowerShell - Rule"
"DA-ESS-ContentUpdate","ESCU - GetWmiObject User Account with PowerShell Script Block - Rule"
"DA-ESS-ContentUpdate","ESCU - GitHub Actions Disable Security Workflow - Rule"
"DA-ESS-ContentUpdate","ESCU - Github Commit Changes In Master - Rule"
"DA-ESS-ContentUpdate","ESCU - Github Commit In Develop - Rule"
"DA-ESS-ContentUpdate","ESCU - GitHub Dependabot Alert - Rule"
"DA-ESS-ContentUpdate","ESCU - GitHub Pull Request from Unknown User - Rule"
"DA-ESS-ContentUpdate","ESCU - GPUpdate with no Command Line Arguments with Network - Rule"
"DA-ESS-ContentUpdate","ESCU - Gsuite Drive Share In External Email - Rule"
"DA-ESS-ContentUpdate","ESCU - GSuite Email Suspicious Attachment - Rule"
"DA-ESS-ContentUpdate","ESCU - Gsuite Email Suspicious Subject With Attachment - Rule"
"DA-ESS-ContentUpdate","ESCU - Gsuite Email With Known Abuse Web Service Link - Rule"
"DA-ESS-ContentUpdate","ESCU - Gsuite Outbound Email With Attachment To External Domain - Rule"
"DA-ESS-ContentUpdate","ESCU - Gsuite suspicious calendar invite - Rule"
"DA-ESS-ContentUpdate","ESCU - Gsuite Suspicious Shared File Name - Rule"
"DA-ESS-ContentUpdate","ESCU - Hide User Account From Sign-In Screen - Rule"
"DA-ESS-ContentUpdate","ESCU - Hiding Files And Directories With Attrib exe - Rule"
"DA-ESS-ContentUpdate","ESCU - High Frequency Copy Of Files In Network Share - Rule"
"DA-ESS-ContentUpdate","ESCU - High Number of Login Failures from a single source - Rule"
"DA-ESS-ContentUpdate","ESCU - High Process Termination Frequency - Rule"
"DA-ESS-ContentUpdate","ESCU - Hosts receiving high volume of network traffic from email server - Rule"
"DA-ESS-ContentUpdate","ESCU - Hunting 3CXDesktopApp Software - Rule"
"DA-ESS-ContentUpdate","ESCU - Hunting for Log4Shell - Rule"
"DA-ESS-ContentUpdate","ESCU - Icacls Deny Command - Rule"
"DA-ESS-ContentUpdate","ESCU - ICACLS Grant Command - Rule"
"DA-ESS-ContentUpdate","ESCU - IcedID Exfiltrated Archived File Creation - Rule"
"DA-ESS-ContentUpdate","ESCU - Identify New User Accounts - Rule"
"DA-ESS-ContentUpdate","ESCU - Impacket Lateral Movement Commandline Parameters - Rule"
"DA-ESS-ContentUpdate","ESCU - Interactive Session on Remote Endpoint with PowerShell - Rule"
"DA-ESS-ContentUpdate","ESCU - Java Class File download by Java User Agent - Rule"
"DA-ESS-ContentUpdate","ESCU - Java Writing JSP File - Rule"
"DA-ESS-ContentUpdate","ESCU - Jscript Execution Using Cscript App - Rule"
"DA-ESS-ContentUpdate","ESCU - Kerberoasting spn request with RC4 encryption - Rule"
"DA-ESS-ContentUpdate","ESCU - Kerberos Pre-Authentication Flag Disabled in UserAccountControl - Rule"
"DA-ESS-ContentUpdate","ESCU - Kerberos Pre-Authentication Flag Disabled with PowerShell - Rule"
"DA-ESS-ContentUpdate","ESCU - Kerberos Service Ticket Request Using RC4 Encryption - Rule"
"DA-ESS-ContentUpdate","ESCU - Kerberos TGT Request Using RC4 Encryption - Rule"
"DA-ESS-ContentUpdate","ESCU - Kerberos User Enumeration - Rule"
"DA-ESS-ContentUpdate","ESCU - Known Services Killed by Ransomware - Rule"
"DA-ESS-ContentUpdate","ESCU - Kubernetes Azure scan fingerprint - Rule"
"DA-ESS-ContentUpdate","ESCU - Kubernetes Nginx Ingress LFI - Rule"
"DA-ESS-ContentUpdate","ESCU - Kubernetes Nginx Ingress RFI - Rule"
"DA-ESS-ContentUpdate","ESCU - Kubernetes Scanner Image Pulling - Rule"
"DA-ESS-ContentUpdate","ESCU - Large Volume of DNS ANY Queries - Rule"
"DA-ESS-ContentUpdate","ESCU - Linux Account Manipulation Of SSH Config and Keys - Rule"
"DA-ESS-ContentUpdate","ESCU - Linux Add Files In Known Crontab Directories - Rule"
"DA-ESS-ContentUpdate","ESCU - Linux Add User Account - Rule"
"DA-ESS-ContentUpdate","ESCU - Linux Adding Crontab Using List Parameter - Rule"
"DA-ESS-ContentUpdate","ESCU - Linux APT Privilege Escalation - Rule"
"DA-ESS-ContentUpdate","ESCU - Linux apt-get Privilege Escalation - Rule"
"DA-ESS-ContentUpdate","ESCU - Linux At Allow Config File Creation - Rule"
"DA-ESS-ContentUpdate","ESCU - Linux At Application Execution - Rule"
"DA-ESS-ContentUpdate","ESCU - Linux AWK Privilege Escalation - Rule"
"DA-ESS-ContentUpdate","ESCU - Linux Busybox Privilege Escalation - Rule"
"DA-ESS-ContentUpdate","ESCU - Linux c89 Privilege Escalation - Rule"
"DA-ESS-ContentUpdate","ESCU - Linux c99 Privilege Escalation - Rule"
"DA-ESS-ContentUpdate","ESCU - Linux Change File Owner To Root - Rule"
"DA-ESS-ContentUpdate","ESCU - Linux Clipboard Data Copy - Rule"
"DA-ESS-ContentUpdate","ESCU - Linux Common Process For Elevation Control - Rule"
"DA-ESS-ContentUpdate","ESCU - Linux Composer Privilege Escalation - Rule"
"DA-ESS-ContentUpdate","ESCU - Linux Cpulimit Privilege Escalation - Rule"
"DA-ESS-ContentUpdate","ESCU - Linux Csvtool Privilege Escalation - Rule"
"DA-ESS-ContentUpdate","ESCU - Linux Curl Upload File - Rule"
"DA-ESS-ContentUpdate","ESCU - Linux Data Destruction Command - Rule"
"DA-ESS-ContentUpdate","ESCU - Linux DD File Overwrite - Rule"
"DA-ESS-ContentUpdate","ESCU - Linux Decode Base64 to Shell - Rule"
"DA-ESS-ContentUpdate","ESCU - Linux Deleting Critical Directory Using RM Command - Rule"
"DA-ESS-ContentUpdate","ESCU - Linux Deletion Of Cron Jobs - Rule"
"DA-ESS-ContentUpdate","ESCU - Linux Deletion Of Init Daemon Script - Rule"
"DA-ESS-ContentUpdate","ESCU - Linux Deletion Of Services - Rule"
"DA-ESS-ContentUpdate","ESCU - Linux Deletion of SSL Certificate - Rule"
"DA-ESS-ContentUpdate","ESCU - Linux Disable Services - Rule"
"DA-ESS-ContentUpdate","ESCU - Linux Doas Conf File Creation - Rule"
"DA-ESS-ContentUpdate","ESCU - Linux Doas Tool Execution - Rule"
"DA-ESS-ContentUpdate","ESCU - Linux Docker Privilege Escalation - Rule"
"DA-ESS-ContentUpdate","ESCU - Linux Edit Cron Table Parameter - Rule"
"DA-ESS-ContentUpdate","ESCU - Linux Emacs Privilege Escalation - Rule"
"DA-ESS-ContentUpdate","ESCU - Linux File Created In Kernel Driver Directory - Rule"
"DA-ESS-ContentUpdate","ESCU - Linux File Creation In Init Boot Directory - Rule"
"DA-ESS-ContentUpdate","ESCU - Linux File Creation In Profile Directory - Rule"
"DA-ESS-ContentUpdate","ESCU - Linux Find Privilege Escalation - Rule"
"DA-ESS-ContentUpdate","ESCU - Linux GDB Privilege Escalation - Rule"
"DA-ESS-ContentUpdate","ESCU - Linux Gem Privilege Escalation - Rule"
"DA-ESS-ContentUpdate","ESCU - Linux GNU Awk Privilege Escalation - Rule"
"DA-ESS-ContentUpdate","ESCU - Linux Hardware Addition SwapOff - Rule"
"DA-ESS-ContentUpdate","ESCU - Linux High Frequency Of File Deletion In Boot Folder - Rule"
"DA-ESS-ContentUpdate","ESCU - Linux High Frequency Of File Deletion In Etc Folder - Rule"
"DA-ESS-ContentUpdate","ESCU - Linux Impair Defenses Process Kill - Rule"
"DA-ESS-ContentUpdate","ESCU - Linux Indicator Removal Clear Cache - Rule"
"DA-ESS-ContentUpdate","ESCU - Linux Indicator Removal Service File Deletion - Rule"
"DA-ESS-ContentUpdate","ESCU - Linux Ingress Tool Transfer Hunting - Rule"
"DA-ESS-ContentUpdate","ESCU - Linux Ingress Tool Transfer with Curl - Rule"
"DA-ESS-ContentUpdate","ESCU - Linux Insert Kernel Module Using Insmod Utility - Rule"
"DA-ESS-ContentUpdate","ESCU - Linux Install Kernel Module Using Modprobe Utility - Rule"
"DA-ESS-ContentUpdate","ESCU - Linux Iptables Firewall Modification - Rule"
"DA-ESS-ContentUpdate","ESCU - Linux Java Spawning Shell - Rule"
"DA-ESS-ContentUpdate","ESCU - Linux Kernel Module Enumeration - Rule"
"DA-ESS-ContentUpdate","ESCU - Linux Kworker Process In Writable Process Path - Rule"
"DA-ESS-ContentUpdate","ESCU - Linux Make Privilege Escalation - Rule"
"DA-ESS-ContentUpdate","ESCU - Linux MySQL Privilege Escalation - Rule"
"DA-ESS-ContentUpdate","ESCU - Linux Ngrok Reverse Proxy Usage - Rule"
"DA-ESS-ContentUpdate","ESCU - Linux Node Privilege Escalation - Rule"
"DA-ESS-ContentUpdate","ESCU - Linux NOPASSWD Entry In Sudoers File - Rule"
"DA-ESS-ContentUpdate","ESCU - Linux Obfuscated Files or Information Base64 Decode - Rule"
"DA-ESS-ContentUpdate","ESCU - Linux Octave Privilege Escalation - Rule"
"DA-ESS-ContentUpdate","ESCU - Linux OpenVPN Privilege Escalation - Rule"
"DA-ESS-ContentUpdate","ESCU - Linux Persistence and Privilege Escalation Risk Behavior - Rule"
"DA-ESS-ContentUpdate","ESCU - Linux PHP Privilege Escalation - Rule"
"DA-ESS-ContentUpdate","ESCU - Linux pkexec Privilege Escalation - Rule"
"DA-ESS-ContentUpdate","ESCU - Linux Possible Access Or Modification Of sshd Config File - Rule"
"DA-ESS-ContentUpdate","ESCU - Linux Possible Access To Credential Files - Rule"
"DA-ESS-ContentUpdate","ESCU - Linux Possible Access To Sudoers File - Rule"
"DA-ESS-ContentUpdate","ESCU - Linux Possible Append Command To At Allow Config File - Rule"
"DA-ESS-ContentUpdate","ESCU - Linux Possible Append Command To Profile Config File - Rule"
"DA-ESS-ContentUpdate","ESCU - Linux Possible Append Cronjob Entry on Existing Cronjob File - Rule"
"DA-ESS-ContentUpdate","ESCU - Linux Possible Cronjob Modification With Editor - Rule"
"DA-ESS-ContentUpdate","ESCU - Linux Possible Ssh Key File Creation - Rule"
"DA-ESS-ContentUpdate","ESCU - Linux Preload Hijack Library Calls - Rule"
"DA-ESS-ContentUpdate","ESCU - Linux Proxy Socks Curl - Rule"
"DA-ESS-ContentUpdate","ESCU - Linux Puppet Privilege Escalation - Rule"
"DA-ESS-ContentUpdate","ESCU - Linux RPM Privilege Escalation - Rule"
"DA-ESS-ContentUpdate","ESCU - Linux Ruby Privilege Escalation - Rule"
"DA-ESS-ContentUpdate","ESCU - Linux Service File Created In Systemd Directory - Rule"
"DA-ESS-ContentUpdate","ESCU - Linux Service Restarted - Rule"
"DA-ESS-ContentUpdate","ESCU - Linux Service Started Or Enabled - Rule"
"DA-ESS-ContentUpdate","ESCU - Linux Setuid Using Chmod Utility - Rule"
"DA-ESS-ContentUpdate","ESCU - Linux Setuid Using Setcap Utility - Rule"
"DA-ESS-ContentUpdate","ESCU - Linux Shred Overwrite Command - Rule"
"DA-ESS-ContentUpdate","ESCU - Linux Sqlite3 Privilege Escalation - Rule"
"DA-ESS-ContentUpdate","ESCU - Linux SSH Authorized Keys Modification - Rule"
"DA-ESS-ContentUpdate","ESCU - Linux SSH Remote Services Script Execute - Rule"
"DA-ESS-ContentUpdate","ESCU - Linux Stdout Redirection To Dev Null File - Rule"
"DA-ESS-ContentUpdate","ESCU - Linux Stop Services - Rule"
"DA-ESS-ContentUpdate","ESCU - Linux Sudo OR Su Execution - Rule"
"DA-ESS-ContentUpdate","ESCU - Linux Sudoers Tmp File Creation - Rule"
"DA-ESS-ContentUpdate","ESCU - Linux System Network Discovery - Rule"
"DA-ESS-ContentUpdate","ESCU - Linux System Reboot Via System Request Key - Rule"
"DA-ESS-ContentUpdate","ESCU - Linux Unix Shell Enable All SysRq Functions - Rule"
"DA-ESS-ContentUpdate","ESCU - Linux Visudo Utility Execution - Rule"
"DA-ESS-ContentUpdate","ESCU - Living Off The Land - Rule"
"DA-ESS-ContentUpdate","ESCU - Loading Of Dynwrapx Module - Rule"
"DA-ESS-ContentUpdate","ESCU - Local Account Discovery with Net - Rule"
"DA-ESS-ContentUpdate","ESCU - Local Account Discovery With Wmic - Rule"
"DA-ESS-ContentUpdate","ESCU - Log4Shell CVE-2021-44228 Exploitation - Rule"
"DA-ESS-ContentUpdate","ESCU - Log4Shell JNDI Payload Injection Attempt - Rule"
"DA-ESS-ContentUpdate","ESCU - Log4Shell JNDI Payload Injection with Outbound Connection - Rule"
"DA-ESS-ContentUpdate","ESCU - Logon Script Event Trigger Execution - Rule"
"DA-ESS-ContentUpdate","ESCU - LOLBAS With Network Traffic - Rule"
"DA-ESS-ContentUpdate","ESCU - MacOS LOLbin - Rule"
"DA-ESS-ContentUpdate","ESCU - MacOS plutil - Rule"
"DA-ESS-ContentUpdate","ESCU - Mailsniper Invoke functions - Rule"
"DA-ESS-ContentUpdate","ESCU - Malicious InProcServer32 Modification - Rule"
"DA-ESS-ContentUpdate","ESCU - Malicious Powershell Executed As A Service - Rule"
"DA-ESS-ContentUpdate","ESCU - Malicious PowerShell Process - Encoded Command - Rule"
"DA-ESS-ContentUpdate","ESCU - Malicious PowerShell Process - Execution Policy Bypass - Rule"
"DA-ESS-ContentUpdate","ESCU - Malicious PowerShell Process With Obfuscation Techniques - Rule"
"DA-ESS-ContentUpdate","ESCU - Mimikatz PassTheTicket CommandLine Parameters - Rule"
"DA-ESS-ContentUpdate","ESCU - Mmc LOLBAS Execution Process Spawn - Rule"
"DA-ESS-ContentUpdate","ESCU - Modification Of Wallpaper - Rule"
"DA-ESS-ContentUpdate","ESCU - Modify ACL permission To Files Or Folder - Rule"
"DA-ESS-ContentUpdate","ESCU - Monitor Registry Keys for Print Monitors - Rule"
"DA-ESS-ContentUpdate","ESCU - MS Exchange Mailbox Replication service writing Active Server Pages - Rule"
"DA-ESS-ContentUpdate","ESCU - MS Scripting Process Loading Ldap Module - Rule"
"DA-ESS-ContentUpdate","ESCU - MS Scripting Process Loading WMI Module - Rule"
"DA-ESS-ContentUpdate","ESCU - MSBuild Suspicious Spawned By Script Process - Rule"
"DA-ESS-ContentUpdate","ESCU - Mshta spawning Rundll32 OR Regsvr32 Process - Rule"
"DA-ESS-ContentUpdate","ESCU - MSHTML Module Load in Office Product - Rule"
"DA-ESS-ContentUpdate","ESCU - MSI Module Loaded by Non-System Binary - Rule"
"DA-ESS-ContentUpdate","ESCU - Msmpeng Application DLL Side Loading - Rule"
"DA-ESS-ContentUpdate","ESCU - Multiple Archive Files Http Post Traffic - Rule"
"DA-ESS-ContentUpdate","ESCU - Multiple Okta Users With Invalid Credentials From The Same IP - Rule"
"DA-ESS-ContentUpdate","ESCU - Net Localgroup Discovery - Rule"
"DA-ESS-ContentUpdate","ESCU - NET Profiler UAC bypass - Rule"
"DA-ESS-ContentUpdate","ESCU - Network Connection Discovery With Arp - Rule"
"DA-ESS-ContentUpdate","ESCU - Network Connection Discovery With Net - Rule"
"DA-ESS-ContentUpdate","ESCU - Network Connection Discovery With Netstat - Rule"
"DA-ESS-ContentUpdate","ESCU - Network Discovery Using Route Windows App - Rule"
"DA-ESS-ContentUpdate","ESCU - Ngrok Reverse Proxy on Network - Rule"
"DA-ESS-ContentUpdate","ESCU - Nishang PowershellTCPOneLine - Rule"
"DA-ESS-ContentUpdate","ESCU - NLTest Domain Trust Discovery - Rule"
"DA-ESS-ContentUpdate","ESCU - Non Chrome Process Accessing Chrome Default Dir - Rule"
"DA-ESS-ContentUpdate","ESCU - Non Firefox Process Access Firefox Profile Dir - Rule"
"DA-ESS-ContentUpdate","ESCU - Notepad with no Command Line Arguments - Rule"
"DA-ESS-ContentUpdate","ESCU - Ntdsutil Export NTDS - Rule"
"DA-ESS-ContentUpdate","ESCU - O365 Add App Role Assignment Grant User - Rule"
"DA-ESS-ContentUpdate","ESCU - O365 Added Service Principal - Rule"
"DA-ESS-ContentUpdate","ESCU - O365 Bypass MFA via Trusted IP - Rule"
"DA-ESS-ContentUpdate","ESCU - O365 Disable MFA - Rule"
"DA-ESS-ContentUpdate","ESCU - O365 Excessive Authentication Failures Alert - Rule"
"DA-ESS-ContentUpdate","ESCU - O365 Excessive SSO logon errors - Rule"
"DA-ESS-ContentUpdate","ESCU - O365 New Federated Domain Added - Rule"
"DA-ESS-ContentUpdate","ESCU - O365 PST export alert - Rule"
"DA-ESS-ContentUpdate","ESCU - O365 Suspicious Admin Email Forwarding - Rule"
"DA-ESS-ContentUpdate","ESCU - O365 Suspicious Rights Delegation - Rule"
"DA-ESS-ContentUpdate","ESCU - O365 Suspicious User Email Forwarding - Rule"
"DA-ESS-ContentUpdate","ESCU - Office Application Drop Executable - Rule"
"DA-ESS-ContentUpdate","ESCU - Office Application Spawn Regsvr32 process - Rule"
"DA-ESS-ContentUpdate","ESCU - Office Application Spawn rundll32 process - Rule"
"DA-ESS-ContentUpdate","ESCU - Office Document Creating Schedule Task - Rule"
"DA-ESS-ContentUpdate","ESCU - Office Document Executing Macro Code - Rule"
"DA-ESS-ContentUpdate","ESCU - Office Document Spawned Child Process To Download - Rule"
"DA-ESS-ContentUpdate","ESCU - Office Product Spawn CMD Process - Rule"
"DA-ESS-ContentUpdate","ESCU - Office Product Spawning BITSAdmin - Rule"
"DA-ESS-ContentUpdate","ESCU - Office Product Spawning CertUtil - Rule"
"DA-ESS-ContentUpdate","ESCU - Office Product Spawning MSHTA - Rule"
"DA-ESS-ContentUpdate","ESCU - Office Product Spawning Rundll32 with no DLL - Rule"
"DA-ESS-ContentUpdate","ESCU - Office Product Spawning Windows Script Host - Rule"
"DA-ESS-ContentUpdate","ESCU - Office Product Spawning Wmic - Rule"
"DA-ESS-ContentUpdate","ESCU - Office Product Writing cab or inf - Rule"
"DA-ESS-ContentUpdate","ESCU - Office Spawning Control - Rule"
"DA-ESS-ContentUpdate","ESCU - Okta Account Locked Out - Rule"
"DA-ESS-ContentUpdate","ESCU - Okta Account Lockout Events - Rule"
"DA-ESS-ContentUpdate","ESCU - Okta Failed SSO Attempts - Rule"
"DA-ESS-ContentUpdate","ESCU - Okta MFA Exhaustion Hunt - Rule"
"DA-ESS-ContentUpdate","ESCU - Okta Mismatch Between Source and Response for Verify Push Request - Rule"
"DA-ESS-ContentUpdate","ESCU - Okta Multiple Failed Requests to Access Applications - Rule"
"DA-ESS-ContentUpdate","ESCU - Okta New API Token Created - Rule"
"DA-ESS-ContentUpdate","ESCU - Okta New Device Enrolled on Account - Rule"
"DA-ESS-ContentUpdate","ESCU - Okta Phishing Detection with FastPass Origin Check - Rule"
"DA-ESS-ContentUpdate","ESCU - Okta Risk Threshold Exceeded - Rule"
"DA-ESS-ContentUpdate","ESCU - Okta Suspicious Activity Reported - Rule"
"DA-ESS-ContentUpdate","ESCU - Okta Suspicious Use of a Session Cookie - Rule"
"DA-ESS-ContentUpdate","ESCU - Okta ThreatInsight Login Failure with High Unknown users - Rule"
"DA-ESS-ContentUpdate","ESCU - Okta ThreatInsight Suspected PasswordSpray Attack - Rule"
"DA-ESS-ContentUpdate","ESCU - Okta ThreatInsight Threat Detected - Rule"
"DA-ESS-ContentUpdate","ESCU - Okta Two or More Rejected Okta Pushes - Rule"
"DA-ESS-ContentUpdate","ESCU - Okta User Logins From Multiple Cities - Rule"
"DA-ESS-ContentUpdate","ESCU - Outbound Network Connection from Java Using Default Ports - Rule"
"DA-ESS-ContentUpdate","ESCU - Overwriting Accessibility Binaries - Rule"
"DA-ESS-ContentUpdate","ESCU - Password Policy Discovery with Net - Rule"
"DA-ESS-ContentUpdate","ESCU - Path traversal SPL injection - Rule"
"DA-ESS-ContentUpdate","ESCU - Permission Modification using Takeown App - Rule"
"DA-ESS-ContentUpdate","ESCU - Persistent XSS in RapidDiag through User Interface Views - Rule"
"DA-ESS-ContentUpdate","ESCU - PetitPotam Network Share Access Request - Rule"
"DA-ESS-ContentUpdate","ESCU - PetitPotam Suspicious Kerberos TGT Request - Rule"
"DA-ESS-ContentUpdate","ESCU - Ping Sleep Batch Command - Rule"
"DA-ESS-ContentUpdate","ESCU - Plain HTTP POST Exfiltrated Data - Rule"
"DA-ESS-ContentUpdate","ESCU - Possible Browser Pass View Parameter - Rule"
"DA-ESS-ContentUpdate","ESCU - Possible Lateral Movement PowerShell Spawn - Rule"
"DA-ESS-ContentUpdate","ESCU - Potential password in username - Rule"
"DA-ESS-ContentUpdate","ESCU - Potentially malicious code on commandline - Rule"
"DA-ESS-ContentUpdate","ESCU - PowerShell - Connect To Internet With Hidden Window - Rule"
"DA-ESS-ContentUpdate","ESCU - PowerShell 4104 Hunting - Rule"
"DA-ESS-ContentUpdate","ESCU - Powershell COM Hijacking InprocServer32 Modification - Rule"
"DA-ESS-ContentUpdate","ESCU - Powershell Creating Thread Mutex - Rule"
"DA-ESS-ContentUpdate","ESCU - Powershell Disable Security Monitoring - Rule"
"DA-ESS-ContentUpdate","ESCU - PowerShell Domain Enumeration - Rule"
"DA-ESS-ContentUpdate","ESCU - Powershell Enable SMB1Protocol Feature - Rule"
"DA-ESS-ContentUpdate","ESCU - Powershell Execute COM Object - Rule"
"DA-ESS-ContentUpdate","ESCU - Powershell Fileless Process Injection via GetProcAddress - Rule"
"DA-ESS-ContentUpdate","ESCU - Powershell Fileless Script Contains Base64 Encoded Content - Rule"
"DA-ESS-ContentUpdate","ESCU - PowerShell Get LocalGroup Discovery - Rule"
"DA-ESS-ContentUpdate","ESCU - Powershell Get LocalGroup Discovery with Script Block Logging - Rule"
"DA-ESS-ContentUpdate","ESCU - Powershell Load Module in Meterpreter - Rule"
"DA-ESS-ContentUpdate","ESCU - PowerShell Loading DotNET into Memory via Reflection - Rule"
"DA-ESS-ContentUpdate","ESCU - Powershell Processing Stream Of Data - Rule"
"DA-ESS-ContentUpdate","ESCU - Powershell Remote Thread To Known Windows Process - Rule"
"DA-ESS-ContentUpdate","ESCU - Powershell Remove Windows Defender Directory - Rule"
"DA-ESS-ContentUpdate","ESCU - PowerShell Start-BitsTransfer - Rule"
"DA-ESS-ContentUpdate","ESCU - Powershell Using memory As Backing Store - Rule"
"DA-ESS-ContentUpdate","ESCU - Powershell Windows Defender Exclusion Commands - Rule"
"DA-ESS-ContentUpdate","ESCU - Prevent Automatic Repair Mode using Bcdedit - Rule"
"DA-ESS-ContentUpdate","ESCU - Print Processor Registry Autostart - Rule"
"DA-ESS-ContentUpdate","ESCU - Print Spooler Adding A Printer Driver - Rule"
"DA-ESS-ContentUpdate","ESCU - Print Spooler Failed to Load a Plug-in - Rule"
"DA-ESS-ContentUpdate","ESCU - Process Creating LNK file in Suspicious Location - Rule"
"DA-ESS-ContentUpdate","ESCU - Process Deleting Its Process File Path - Rule"
"DA-ESS-ContentUpdate","ESCU - Process Execution via WMI - Rule"
"DA-ESS-ContentUpdate","ESCU - Process Kill Base On File Path - Rule"
"DA-ESS-ContentUpdate","ESCU - Process Writing DynamicWrapperX - Rule"
"DA-ESS-ContentUpdate","ESCU - Processes created by netsh - Rule"
"DA-ESS-ContentUpdate","ESCU - Processes launching netsh - Rule"
"DA-ESS-ContentUpdate","ESCU - Prohibited Network Traffic Allowed - Rule"
"DA-ESS-ContentUpdate","ESCU - Protocol or Port Mismatch - Rule"
"DA-ESS-ContentUpdate","ESCU - ProxyShell ProxyNotShell Behavior Detected - Rule"
"DA-ESS-ContentUpdate","ESCU - Randomly Generated Scheduled Task Name - Rule"
"DA-ESS-ContentUpdate","ESCU - Randomly Generated Windows Service Name - Rule"
"DA-ESS-ContentUpdate","ESCU - Ransomware Notes bulk creation - Rule"
"DA-ESS-ContentUpdate","ESCU - Recon AVProduct Through Pwh or WMI - Rule"
"DA-ESS-ContentUpdate","ESCU - Recon Using WMI Class - Rule"
"DA-ESS-ContentUpdate","ESCU - Recursive Delete of Directory In Batch CMD - Rule"
"DA-ESS-ContentUpdate","ESCU - Reg exe Manipulating Windows Services Registry Keys - Rule"
"DA-ESS-ContentUpdate","ESCU - Reg exe used to hide files directories via registry keys - Rule"
"DA-ESS-ContentUpdate","ESCU - Registry Keys for Creating SHIM Databases - Rule"
"DA-ESS-ContentUpdate","ESCU - Registry Keys Used For Persistence - Rule"
"DA-ESS-ContentUpdate","ESCU - Registry Keys Used For Privilege Escalation - Rule"
"DA-ESS-ContentUpdate","ESCU - Regsvr32 Silent and Install Param Dll Loading - Rule"
"DA-ESS-ContentUpdate","ESCU - Regsvr32 with Known Silent Switch Cmdline - Rule"
"DA-ESS-ContentUpdate","ESCU - Remcos client registry install entry - Rule"
"DA-ESS-ContentUpdate","ESCU - Remcos RAT File Creation in Remcos Folder - Rule"
"DA-ESS-ContentUpdate","ESCU - Remote Desktop Network Bruteforce - Rule"
"DA-ESS-ContentUpdate","ESCU - Remote Desktop Network Traffic - Rule"
"DA-ESS-ContentUpdate","ESCU - Remote Desktop Process Running On System - Rule"
"DA-ESS-ContentUpdate","ESCU - Remote Process Instantiation via DCOM and PowerShell - Rule"
"DA-ESS-ContentUpdate","ESCU - Remote Process Instantiation via DCOM and PowerShell Script Block - Rule"
"DA-ESS-ContentUpdate","ESCU - Remote Process Instantiation via WinRM and PowerShell - Rule"
"DA-ESS-ContentUpdate","ESCU - Remote Process Instantiation via WinRM and PowerShell Script Block - Rule"
"DA-ESS-ContentUpdate","ESCU - Remote Process Instantiation via WinRM and Winrs - Rule"
"DA-ESS-ContentUpdate","ESCU - Remote Process Instantiation via WMI - Rule"
"DA-ESS-ContentUpdate","ESCU - Remote Process Instantiation via WMI and PowerShell - Rule"
"DA-ESS-ContentUpdate","ESCU - Remote Process Instantiation via WMI and PowerShell Script Block - Rule"
"DA-ESS-ContentUpdate","ESCU - Remote System Discovery with Adsisearcher - Rule"
"DA-ESS-ContentUpdate","ESCU - Remote System Discovery with Dsquery - Rule"
"DA-ESS-ContentUpdate","ESCU - Remote System Discovery with Net - Rule"
"DA-ESS-ContentUpdate","ESCU - Remote System Discovery with Wmic - Rule"
"DA-ESS-ContentUpdate","ESCU - Remote WMI Command Attempt - Rule"
"DA-ESS-ContentUpdate","ESCU - Resize ShadowStorage volume - Rule"
"DA-ESS-ContentUpdate","ESCU - Revil Common Exec Parameter - Rule"
"DA-ESS-ContentUpdate","ESCU - Revil Registry Entry - Rule"
"DA-ESS-ContentUpdate","ESCU - Rubeus Command Line Parameters - Rule"
"DA-ESS-ContentUpdate","ESCU - Rubeus Kerberos Ticket Exports Through Winlogon Access - Rule"
"DA-ESS-ContentUpdate","ESCU - Runas Execution in CommandLine - Rule"
"DA-ESS-ContentUpdate","ESCU - RunDLL Loading DLL By Ordinal - Rule"
"DA-ESS-ContentUpdate","ESCU - Rundll32 Control RunDLL Hunt - Rule"
"DA-ESS-ContentUpdate","ESCU - Rundll32 Control RunDLL World Writable Directory - Rule"
"DA-ESS-ContentUpdate","ESCU - Rundll32 Create Remote Thread To A Process - Rule"
"DA-ESS-ContentUpdate","ESCU - Rundll32 CreateRemoteThread In Browser - Rule"
"DA-ESS-ContentUpdate","ESCU - Rundll32 DNSQuery - Rule"
"DA-ESS-ContentUpdate","ESCU - Rundll32 LockWorkStation - Rule"
"DA-ESS-ContentUpdate","ESCU - Rundll32 Process Creating Exe Dll Files - Rule"
"DA-ESS-ContentUpdate","ESCU - Rundll32 Shimcache Flush - Rule"
"DA-ESS-ContentUpdate","ESCU - Rundll32 with no Command Line Arguments with Network - Rule"
"DA-ESS-ContentUpdate","ESCU - Ryuk Test Files Detected - Rule"
"DA-ESS-ContentUpdate","ESCU - Ryuk Wake on LAN Command - Rule"
"DA-ESS-ContentUpdate","ESCU - SAM Database File Access Attempt - Rule"
"DA-ESS-ContentUpdate","ESCU - Samsam Test File Write - Rule"
"DA-ESS-ContentUpdate","ESCU - Sc exe Manipulating Windows Services - Rule"
"DA-ESS-ContentUpdate","ESCU - SchCache Change By App Connect And Create ADSI Object - Rule"
"DA-ESS-ContentUpdate","ESCU - Schedule Task with HTTP Command Arguments - Rule"
"DA-ESS-ContentUpdate","ESCU - Schedule Task with Rundll32 Command Trigger - Rule"
"DA-ESS-ContentUpdate","ESCU - Scheduled Task Creation on Remote Endpoint using At - Rule"
"DA-ESS-ContentUpdate","ESCU - Scheduled Task Deleted Or Created via CMD - Rule"
"DA-ESS-ContentUpdate","ESCU - Scheduled Task Initiation on Remote Endpoint - Rule"
"DA-ESS-ContentUpdate","ESCU - Scheduled tasks used in BadRabbit ransomware - Rule"
"DA-ESS-ContentUpdate","ESCU - Schtasks Run Task On Demand - Rule"
"DA-ESS-ContentUpdate","ESCU - Schtasks scheduling job on remote system - Rule"
"DA-ESS-ContentUpdate","ESCU - Schtasks used for forcing a reboot - Rule"
"DA-ESS-ContentUpdate","ESCU - Screensaver Event Trigger Execution - Rule"
"DA-ESS-ContentUpdate","ESCU - Script Execution via WMI - Rule"
"DA-ESS-ContentUpdate","ESCU - Sdclt UAC Bypass - Rule"
"DA-ESS-ContentUpdate","ESCU - Sdelete Application Execution - Rule"
"DA-ESS-ContentUpdate","ESCU - SearchProtocolHost with no Command Line with Network - Rule"
"DA-ESS-ContentUpdate","ESCU - SecretDumps Offline NTDS Dumping Tool - Rule"
"DA-ESS-ContentUpdate","ESCU - ServicePrincipalNames Discovery with PowerShell - Rule"
"DA-ESS-ContentUpdate","ESCU - ServicePrincipalNames Discovery with SetSPN - Rule"
"DA-ESS-ContentUpdate","ESCU - Services Escalate Exe - Rule"
"DA-ESS-ContentUpdate","ESCU - Services LOLBAS Execution Process Spawn - Rule"
"DA-ESS-ContentUpdate","ESCU - Set Default PowerShell Execution Policy To Unrestricted or Bypass - Rule"
"DA-ESS-ContentUpdate","ESCU - Shim Database File Creation - Rule"
"DA-ESS-ContentUpdate","ESCU - Shim Database Installation With Suspicious Parameters - Rule"
"DA-ESS-ContentUpdate","ESCU - Short Lived Scheduled Task - Rule"
"DA-ESS-ContentUpdate","ESCU - Short Lived Windows Accounts - Rule"
"DA-ESS-ContentUpdate","ESCU - SilentCleanup UAC Bypass - Rule"
"DA-ESS-ContentUpdate","ESCU - Single Letter Process On Endpoint - Rule"
"DA-ESS-ContentUpdate","ESCU - SLUI RunAs Elevated - Rule"
"DA-ESS-ContentUpdate","ESCU - SLUI Spawning a Process - Rule"
"DA-ESS-ContentUpdate","ESCU - SMB Traffic Spike - MLTK - Rule"
"DA-ESS-ContentUpdate","ESCU - SMB Traffic Spike - Rule"
"DA-ESS-ContentUpdate","ESCU - Splunk Account Discovery Drilldown Dashboard Disclosure - Rule"
"DA-ESS-ContentUpdate","ESCU - Splunk Code Injection via custom dashboard leading to RCE - Rule"
"DA-ESS-ContentUpdate","ESCU - Splunk Command and Scripting Interpreter Delete Usage - Rule"
"DA-ESS-ContentUpdate","ESCU - Splunk Command and Scripting Interpreter Risky Commands - Rule"
"DA-ESS-ContentUpdate","ESCU - Splunk Command and Scripting Interpreter Risky SPL MLTK - Rule"
"DA-ESS-ContentUpdate","ESCU - Splunk csrf in the ssg kvstore client endpoint - Rule"
"DA-ESS-ContentUpdate","ESCU - Splunk Data exfiltration from Analytics Workspace using sid query - Rule"
"DA-ESS-ContentUpdate","ESCU - Splunk Digital Certificates Infrastructure Version - Rule"
"DA-ESS-ContentUpdate","ESCU - Splunk Digital Certificates Lack of Encryption - Rule"
"DA-ESS-ContentUpdate","ESCU - Splunk DoS via Malformed S2S Request - Rule"
"DA-ESS-ContentUpdate","ESCU - Splunk Endpoint Denial of Service DoS Zip Bomb - Rule"
"DA-ESS-ContentUpdate","ESCU - Splunk Identified SSL TLS Certificates - Rule"
"DA-ESS-ContentUpdate","ESCU - Splunk Improperly Formatted Parameter Crashes splunkd - Rule"
"DA-ESS-ContentUpdate","ESCU - Splunk list all nonstandard admin accounts - Rule"
"DA-ESS-ContentUpdate","ESCU - Splunk Process Injection Forwarder Bundle Downloads - Rule"
"DA-ESS-ContentUpdate","ESCU - Splunk Protocol Impersonation Weak Encryption Configuration - Rule"
"DA-ESS-ContentUpdate","ESCU - Splunk protocol impersonation weak encryption selfsigned - Rule"
"DA-ESS-ContentUpdate","ESCU - Splunk protocol impersonation weak encryption simplerequest - Rule"
"DA-ESS-ContentUpdate","ESCU - Splunk RCE via Splunk Secure Gateway  Splunk Mobile alerts feature - Rule"
"DA-ESS-ContentUpdate","ESCU - Splunk Reflected XSS in the templates lists radio - Rule"
"DA-ESS-ContentUpdate","ESCU - Splunk risky Command Abuse disclosed february 2023 - Rule"
"DA-ESS-ContentUpdate","ESCU - Splunk Stored XSS via Data Model objectName field - Rule"
"DA-ESS-ContentUpdate","ESCU - Splunk unnecessary file extensions allowed by lookup table uploads - Rule"
"DA-ESS-ContentUpdate","ESCU - Splunk User Enumeration Attempt - Rule"
"DA-ESS-ContentUpdate","ESCU - Splunk XSS in Monitoring Console - Rule"
"DA-ESS-ContentUpdate","ESCU - Splunk XSS in Save table dialog header in search page - Rule"
"DA-ESS-ContentUpdate","ESCU - Splunk XSS via View - Rule"
"DA-ESS-ContentUpdate","ESCU - Spoolsv Spawning Rundll32 - Rule"
"DA-ESS-ContentUpdate","ESCU - Spoolsv Suspicious Loaded Modules - Rule"
"DA-ESS-ContentUpdate","ESCU - Spoolsv Suspicious Process Access - Rule"
"DA-ESS-ContentUpdate","ESCU - Spoolsv Writing a DLL - Rule"
"DA-ESS-ContentUpdate","ESCU - Spoolsv Writing a DLL - Sysmon - Rule"
"DA-ESS-ContentUpdate","ESCU - Spring4Shell Payload URL Request - Rule"
"DA-ESS-ContentUpdate","ESCU - SQL Injection with Long URLs - Rule"
"DA-ESS-ContentUpdate","ESCU - Sqlite Module In Temp Folder - Rule"
"DA-ESS-ContentUpdate","ESCU - Sunburst Correlation DLL and Network Event - Rule"
"DA-ESS-ContentUpdate","ESCU - Supernova Webshell - Rule"
"DA-ESS-ContentUpdate","ESCU - Suspicious Changes to File Associations - Rule"
"DA-ESS-ContentUpdate","ESCU - Suspicious Computer Account Name Change - Rule"
"DA-ESS-ContentUpdate","ESCU - Suspicious Copy on System32 - Rule"
"DA-ESS-ContentUpdate","ESCU - Suspicious Curl Network Connection - Rule"
"DA-ESS-ContentUpdate","ESCU - Suspicious DLLHost no Command Line Arguments - Rule"
"DA-ESS-ContentUpdate","ESCU - Suspicious Driver Loaded Path - Rule"
"DA-ESS-ContentUpdate","ESCU - Suspicious Email - UBA Anomaly - Rule"
"DA-ESS-ContentUpdate","ESCU - Suspicious Email Attachment Extensions - Rule"
"DA-ESS-ContentUpdate","ESCU - Suspicious Event Log Service Behavior - Rule"
"DA-ESS-ContentUpdate","ESCU - Suspicious GPUpdate no Command Line Arguments - Rule"
"DA-ESS-ContentUpdate","ESCU - Suspicious IcedID Rundll32 Cmdline - Rule"
"DA-ESS-ContentUpdate","ESCU - Suspicious Image Creation In Appdata Folder - Rule"
"DA-ESS-ContentUpdate","ESCU - Suspicious Kerberos Service Ticket Request - Rule"
"DA-ESS-ContentUpdate","ESCU - Suspicious Linux Discovery Commands - Rule"
"DA-ESS-ContentUpdate","ESCU - Suspicious microsoft workflow compiler rename - Rule"
"DA-ESS-ContentUpdate","ESCU - Suspicious microsoft workflow compiler usage - Rule"
"DA-ESS-ContentUpdate","ESCU - Suspicious msbuild path - Rule"
"DA-ESS-ContentUpdate","ESCU - Suspicious MSBuild Rename - Rule"
"DA-ESS-ContentUpdate","ESCU - Suspicious MSBuild Spawn - Rule"
"DA-ESS-ContentUpdate","ESCU - Suspicious mshta child process - Rule"
"DA-ESS-ContentUpdate","ESCU - Suspicious mshta spawn - Rule"
"DA-ESS-ContentUpdate","ESCU - Suspicious PlistBuddy Usage - Rule"
"DA-ESS-ContentUpdate","ESCU - Suspicious PlistBuddy Usage via OSquery - Rule"
"DA-ESS-ContentUpdate","ESCU - Suspicious Powershell Command-Line Arguments - Rule"
"DA-ESS-ContentUpdate","ESCU - Suspicious Process DNS Query Known Abuse Web Services - Rule"
"DA-ESS-ContentUpdate","ESCU - Suspicious Process File Path - Rule"
"DA-ESS-ContentUpdate","ESCU - Suspicious Process With Discord DNS Query - Rule"
"DA-ESS-ContentUpdate","ESCU - Suspicious Reg exe Process - Rule"
"DA-ESS-ContentUpdate","ESCU - Suspicious Regsvr32 Register Suspicious Path - Rule"
"DA-ESS-ContentUpdate","ESCU - Suspicious Rundll32 dllregisterserver - Rule"
"DA-ESS-ContentUpdate","ESCU - Suspicious Rundll32 no Command Line Arguments - Rule"
"DA-ESS-ContentUpdate","ESCU - Suspicious Rundll32 PluginInit - Rule"
"DA-ESS-ContentUpdate","ESCU - Suspicious Rundll32 Rename - Rule"
"DA-ESS-ContentUpdate","ESCU - Suspicious Rundll32 StartW - Rule"
"DA-ESS-ContentUpdate","ESCU - Suspicious Scheduled Task from Public Directory - Rule"
"DA-ESS-ContentUpdate","ESCU - Suspicious SearchProtocolHost no Command Line Arguments - Rule"
"DA-ESS-ContentUpdate","ESCU - Suspicious SQLite3 LSQuarantine Behavior - Rule"
"DA-ESS-ContentUpdate","ESCU - Suspicious Ticket Granting Ticket Request - Rule"
"DA-ESS-ContentUpdate","ESCU - Suspicious WAV file in Appdata Folder - Rule"
"DA-ESS-ContentUpdate","ESCU - Suspicious wevtutil Usage - Rule"
"DA-ESS-ContentUpdate","ESCU - Suspicious writes to System Volume Information - Rule"
"DA-ESS-ContentUpdate","ESCU - Suspicious writes to windows Recycle Bin - Rule"
"DA-ESS-ContentUpdate","ESCU - Svchost LOLBAS Execution Process Spawn - Rule"
"DA-ESS-ContentUpdate","ESCU - System Info Gathering Using Dxdiag Application - Rule"
"DA-ESS-ContentUpdate","ESCU - System Information Discovery Detection - Rule"
"DA-ESS-ContentUpdate","ESCU - System Processes Run From Unexpected Locations - Rule"
"DA-ESS-ContentUpdate","ESCU - System User Discovery With Query - Rule"
"DA-ESS-ContentUpdate","ESCU - System User Discovery With Whoami - Rule"
"DA-ESS-ContentUpdate","ESCU - Time Provider Persistence Registry - Rule"
"DA-ESS-ContentUpdate","ESCU - TOR Traffic - Rule"
"DA-ESS-ContentUpdate","ESCU - Trickbot Named Pipe - Rule"
"DA-ESS-ContentUpdate","ESCU - UAC Bypass MMC Load Unsigned Dll - Rule"
"DA-ESS-ContentUpdate","ESCU - UAC Bypass With Colorui COM Object - Rule"
"DA-ESS-ContentUpdate","ESCU - Uncommon Processes On Endpoint - Rule"
"DA-ESS-ContentUpdate","ESCU - Unified Messaging Service Spawning a Process - Rule"
"DA-ESS-ContentUpdate","ESCU - Uninstall App Using MsiExec - Rule"
"DA-ESS-ContentUpdate","ESCU - Unknown Process Using The Kerberos Protocol - Rule"
"DA-ESS-ContentUpdate","ESCU - Unload Sysmon Filter Driver - Rule"
"DA-ESS-ContentUpdate","ESCU - Unloading AMSI via Reflection - Rule"
"DA-ESS-ContentUpdate","ESCU - Unsigned Image Loaded by LSASS - Rule"
"DA-ESS-ContentUpdate","ESCU - Unusual Number of Computer Service Tickets Requested - Rule"
"DA-ESS-ContentUpdate","ESCU - Unusual Number of Kerberos Service Tickets Requested - Rule"
"DA-ESS-ContentUpdate","ESCU - Unusual Number of Remote Endpoint Authentication Events - Rule"
"DA-ESS-ContentUpdate","ESCU - User Discovery With Env Vars PowerShell - Rule"
"DA-ESS-ContentUpdate","ESCU - User Discovery With Env Vars PowerShell Script Block - Rule"
"DA-ESS-ContentUpdate","ESCU - USN Journal Deletion - Rule"
"DA-ESS-ContentUpdate","ESCU - Vbscript Execution Using Wscript App - Rule"
"DA-ESS-ContentUpdate","ESCU - Verclsid CLSID Execution - Rule"
"DA-ESS-ContentUpdate","ESCU - VMware Server Side Template Injection Hunt - Rule"
"DA-ESS-ContentUpdate","ESCU - VMware Workspace ONE Freemarker Server-side Template Injection - Rule"
"DA-ESS-ContentUpdate","ESCU - W3WP Spawning Shell - Rule"
"DA-ESS-ContentUpdate","ESCU - WBAdmin Delete System Backups - Rule"
"DA-ESS-ContentUpdate","ESCU - Wbemprox COM Object Execution - Rule"
"DA-ESS-ContentUpdate","ESCU - Web Fraud - Account Harvesting - Rule"
"DA-ESS-ContentUpdate","ESCU - Web Fraud - Anomalous User Clickspeed - Rule"
"DA-ESS-ContentUpdate","ESCU - Web JSP Request via URL - Rule"
"DA-ESS-ContentUpdate","ESCU - Web Servers Executing Suspicious Processes - Rule"
"DA-ESS-ContentUpdate","ESCU - Web Spring Cloud Function FunctionRouter - Rule"
"DA-ESS-ContentUpdate","ESCU - Web Spring4Shell HTTP Request Class Module - Rule"
"DA-ESS-ContentUpdate","ESCU - Wermgr Process Connecting To IP Check Web Services - Rule"
"DA-ESS-ContentUpdate","ESCU - Wermgr Process Create Executable File - Rule"
"DA-ESS-ContentUpdate","ESCU - Wermgr Process Spawned CMD Or Powershell Process - Rule"
"DA-ESS-ContentUpdate","ESCU - Wget Download and Bash Execution - Rule"
"DA-ESS-ContentUpdate","ESCU - Windows Access Token Manipulation SeDebugPrivilege - Rule"
"DA-ESS-ContentUpdate","ESCU - Windows Access Token Manipulation Winlogon Duplicate Token Handle - Rule"
"DA-ESS-ContentUpdate","ESCU - Windows Access Token Winlogon Duplicate Handle In Uncommon Path - Rule"
"DA-ESS-ContentUpdate","ESCU - Windows AD AdminSDHolder ACL Modified - Rule"
"DA-ESS-ContentUpdate","ESCU - Windows AD Cross Domain SID History Addition - Rule"
"DA-ESS-ContentUpdate","ESCU - Windows AD Domain Controller Audit Policy Disabled - Rule"
"DA-ESS-ContentUpdate","ESCU - Windows AD Domain Controller Promotion - Rule"
"DA-ESS-ContentUpdate","ESCU - Windows AD Domain Replication ACL Addition - Rule"
"DA-ESS-ContentUpdate","ESCU - Windows AD DSRM Account Changes - Rule"
"DA-ESS-ContentUpdate","ESCU - Windows AD DSRM Password Reset - Rule"
"DA-ESS-ContentUpdate","ESCU - Windows AD Privileged Account SID History Addition - Rule"
"DA-ESS-ContentUpdate","ESCU - Windows AD Replication Request Initiated by User Account - Rule"
"DA-ESS-ContentUpdate","ESCU - Windows AD Replication Request Initiated from Unsanctioned Location - Rule"
"DA-ESS-ContentUpdate","ESCU - Windows AD Replication Service Traffic - Rule"
"DA-ESS-ContentUpdate","ESCU - Windows AD Rogue Domain Controller Network Activity - Rule"
"DA-ESS-ContentUpdate","ESCU - Windows AD Same Domain SID History Addition - Rule"
"DA-ESS-ContentUpdate","ESCU - Windows AD ServicePrincipalName Added To Domain Account - Rule"
"DA-ESS-ContentUpdate","ESCU - Windows AD Short Lived Domain Account ServicePrincipalName - Rule"
"DA-ESS-ContentUpdate","ESCU - Windows AD Short Lived Domain Controller SPN Attribute - Rule"
"DA-ESS-ContentUpdate","ESCU - Windows AD Short Lived Server Object - Rule"
"DA-ESS-ContentUpdate","ESCU - Windows AD SID History Attribute Modified - Rule"
"DA-ESS-ContentUpdate","ESCU - Windows AdFind Exe - Rule"
"DA-ESS-ContentUpdate","ESCU - Windows Apache Benchmark Binary - Rule"
"DA-ESS-ContentUpdate","ESCU - Windows App Layer Protocol Qakbot NamedPipe - Rule"
"DA-ESS-ContentUpdate","ESCU - Windows App Layer Protocol Wermgr Connect To NamedPipe - Rule"
"DA-ESS-ContentUpdate","ESCU - Windows Application Layer Protocol RMS Radmin Tool Namedpipe - Rule"
"DA-ESS-ContentUpdate","ESCU - Windows Autostart Execution LSASS Driver Registry Modification - Rule"
"DA-ESS-ContentUpdate","ESCU - Windows Binary Proxy Execution Mavinject DLL Injection - Rule"
"DA-ESS-ContentUpdate","ESCU - Windows Boot or Logon Autostart Execution In Startup Folder - Rule"
"DA-ESS-ContentUpdate","ESCU - Windows Cached Domain Credentials Reg Query - Rule"
"DA-ESS-ContentUpdate","ESCU - Windows Change Default File Association For No File Ext - Rule"
"DA-ESS-ContentUpdate","ESCU - Windows ClipBoard Data via Get-ClipBoard - Rule"
"DA-ESS-ContentUpdate","ESCU - Windows COM Hijacking InprocServer32 Modification - Rule"
"DA-ESS-ContentUpdate","ESCU - Windows Command and Scripting Interpreter Hunting Path Traversal - Rule"
"DA-ESS-ContentUpdate","ESCU - Windows Command and Scripting Interpreter Path Traversal Exec - Rule"
"DA-ESS-ContentUpdate","ESCU - Windows Command Shell DCRat ForkBomb Payload - Rule"
"DA-ESS-ContentUpdate","ESCU - Windows Command Shell Fetch Env Variables - Rule"
"DA-ESS-ContentUpdate","ESCU - Windows Computer Account Created by Computer Account - Rule"
"DA-ESS-ContentUpdate","ESCU - Windows Computer Account Requesting Kerberos Ticket - Rule"
"DA-ESS-ContentUpdate","ESCU - Windows Computer Account With SPN - Rule"
"DA-ESS-ContentUpdate","ESCU - Windows connhost exe started forcefully - Rule"
"DA-ESS-ContentUpdate","ESCU - Windows Create Local Account - Rule"
"DA-ESS-ContentUpdate","ESCU - Windows Credential Dumping LSASS Memory Createdump - Rule"
"DA-ESS-ContentUpdate","ESCU - Windows Credentials from Password Stores Query - Rule"
"DA-ESS-ContentUpdate","ESCU - Windows Credentials in Registry Reg Query - Rule"
"DA-ESS-ContentUpdate","ESCU - Windows Curl Download to Suspicious Path - Rule"
"DA-ESS-ContentUpdate","ESCU - Windows Curl Upload to Remote Destination - Rule"
"DA-ESS-ContentUpdate","ESCU - Windows Data Destruction Recursive Exec Files Deletion - Rule"
"DA-ESS-ContentUpdate","ESCU - Windows Defacement Modify Transcodedwallpaper File - Rule"
"DA-ESS-ContentUpdate","ESCU - Windows Defender Exclusion Registry Entry - Rule"
"DA-ESS-ContentUpdate","ESCU - Windows Deleted Registry By A Non Critical Process File Path - Rule"
"DA-ESS-ContentUpdate","ESCU - Windows Disable Change Password Through Registry - Rule"
"DA-ESS-ContentUpdate","ESCU - Windows Disable Lock Workstation Feature Through Registry - Rule"
"DA-ESS-ContentUpdate","ESCU - Windows Disable LogOff Button Through Registry - Rule"
"DA-ESS-ContentUpdate","ESCU - Windows Disable Memory Crash Dump - Rule"
"DA-ESS-ContentUpdate","ESCU - Windows Disable Notification Center - Rule"
"DA-ESS-ContentUpdate","ESCU - Windows Disable Shutdown Button Through Registry - Rule"
"DA-ESS-ContentUpdate","ESCU - Windows Disable Windows Event Logging Disable HTTP Logging - Rule"
"DA-ESS-ContentUpdate","ESCU - Windows Disable Windows Group Policy Features Through Registry - Rule"
"DA-ESS-ContentUpdate","ESCU - Windows DisableAntiSpyware Registry - Rule"
"DA-ESS-ContentUpdate","ESCU - Windows DiskCryptor Usage - Rule"
"DA-ESS-ContentUpdate","ESCU - Windows Diskshadow Proxy Execution - Rule"
"DA-ESS-ContentUpdate","ESCU - Windows DISM Remove Defender - Rule"
"DA-ESS-ContentUpdate","ESCU - Windows DLL Search Order Hijacking Hunt - Rule"
"DA-ESS-ContentUpdate","ESCU - Windows DLL Search Order Hijacking Hunt with Sysmon - Rule"
"DA-ESS-ContentUpdate","ESCU - Windows DLL Search Order Hijacking with iscsicpl - Rule"
"DA-ESS-ContentUpdate","ESCU - Windows DLL Side-Loading In Calc - Rule"
"DA-ESS-ContentUpdate","ESCU - Windows DLL Side-Loading Process Child Of Calc - Rule"
"DA-ESS-ContentUpdate","ESCU - Windows DotNet Binary in Non Standard Path - Rule"
"DA-ESS-ContentUpdate","ESCU - Windows Driver Inventory - Rule"
"DA-ESS-ContentUpdate","ESCU - Windows Driver Load Non-Standard Path - Rule"
"DA-ESS-ContentUpdate","ESCU - Windows Drivers Loaded by Signature - Rule"
"DA-ESS-ContentUpdate","ESCU - Windows Event For Service Disabled - Rule"
"DA-ESS-ContentUpdate","ESCU - Windows Event Log Cleared - Rule"
"DA-ESS-ContentUpdate","ESCU - Windows Event Triggered Image File Execution Options Injection - Rule"
"DA-ESS-ContentUpdate","ESCU - Windows Excessive Disabled Services Event - Rule"
"DA-ESS-ContentUpdate","ESCU - Windows Exchange Autodiscover SSRF Abuse - Rule"
"DA-ESS-ContentUpdate","ESCU - Windows Execute Arbitrary Commands with MSDT - Rule"
"DA-ESS-ContentUpdate","ESCU - Windows Export Certificate - Rule"
"DA-ESS-ContentUpdate","ESCU - Windows File Transfer Protocol In Non-Common Process Path - Rule"
"DA-ESS-ContentUpdate","ESCU - Windows File Without Extension In Critical Folder - Rule"
"DA-ESS-ContentUpdate","ESCU - Windows Gather Victim Host Information Camera - Rule"
"DA-ESS-ContentUpdate","ESCU - Windows Gather Victim Identity SAM Info - Rule"
"DA-ESS-ContentUpdate","ESCU - Windows Gather Victim Network Info Through Ip Check Web Services - Rule"
"DA-ESS-ContentUpdate","ESCU - Windows Get-AdComputer Unconstrained Delegation Discovery - Rule"
"DA-ESS-ContentUpdate","ESCU - Windows Hidden Schedule Task Settings - Rule"
"DA-ESS-ContentUpdate","ESCU - Windows Hide Notification Features Through Registry - Rule"
"DA-ESS-ContentUpdate","ESCU - Windows High File Deletion Frequency - Rule"
"DA-ESS-ContentUpdate","ESCU - Windows Hijack Execution Flow Version Dll Side Load - Rule"
"DA-ESS-ContentUpdate","ESCU - Windows Hunting System Account Targeting Lsass - Rule"
"DA-ESS-ContentUpdate","ESCU - Windows Identify Protocol Handlers - Rule"
"DA-ESS-ContentUpdate","ESCU - Windows IIS Components Add New Module - Rule"
"DA-ESS-ContentUpdate","ESCU - Windows IIS Components Get-WebGlobalModule Module Query - Rule"
"DA-ESS-ContentUpdate","ESCU - Windows IIS Components Module Failed to Load - Rule"
"DA-ESS-ContentUpdate","ESCU - Windows IIS Components New Module Added - Rule"
"DA-ESS-ContentUpdate","ESCU - Windows Impair Defense Add Xml Applocker Rules - Rule"
"DA-ESS-ContentUpdate","ESCU - Windows Impair Defense Delete Win Defender Context Menu - Rule"
"DA-ESS-ContentUpdate","ESCU - Windows Impair Defense Delete Win Defender Profile Registry - Rule"
"DA-ESS-ContentUpdate","ESCU - Windows Impair Defense Deny Security Software With Applocker - Rule"
"DA-ESS-ContentUpdate","ESCU - Windows Impair Defenses Disable Win Defender Auto Logging - Rule"
"DA-ESS-ContentUpdate","ESCU - Windows Indirect Command Execution Via forfiles - Rule"
"DA-ESS-ContentUpdate","ESCU - Windows Indirect Command Execution Via pcalua - Rule"
"DA-ESS-ContentUpdate","ESCU - Windows Indirect Command Execution Via Series Of Forfiles - Rule"
"DA-ESS-ContentUpdate","ESCU - Windows Information Discovery Fsutil - Rule"
"DA-ESS-ContentUpdate","ESCU - Windows Ingress Tool Transfer Using Explorer - Rule"
"DA-ESS-ContentUpdate","ESCU - Windows Input Capture Using Credential UI Dll - Rule"
"DA-ESS-ContentUpdate","ESCU - Windows InstallUtil Credential Theft - Rule"
"DA-ESS-ContentUpdate","ESCU - Windows InstallUtil in Non Standard Path - Rule"
"DA-ESS-ContentUpdate","ESCU - Windows InstallUtil Remote Network Connection - Rule"
"DA-ESS-ContentUpdate","ESCU - Windows InstallUtil Uninstall Option - Rule"
"DA-ESS-ContentUpdate","ESCU - Windows InstallUtil Uninstall Option with Network - Rule"
"DA-ESS-ContentUpdate","ESCU - Windows InstallUtil URL in Command Line - Rule"
"DA-ESS-ContentUpdate","ESCU - Windows ISO LNK File Creation - Rule"
"DA-ESS-ContentUpdate","ESCU - Windows Java Spawning Shells - Rule"
"DA-ESS-ContentUpdate","ESCU - Windows Kerberos Local Successful Logon - Rule"
"DA-ESS-ContentUpdate","ESCU - Windows KrbRelayUp Service Creation - Rule"
"DA-ESS-ContentUpdate","ESCU - Windows Linked Policies In ADSI Discovery - Rule"
"DA-ESS-ContentUpdate","ESCU - Windows Mail Protocol In Non-Common Process Path - Rule"
"DA-ESS-ContentUpdate","ESCU - Windows Masquerading Explorer As Child Process - Rule"
"DA-ESS-ContentUpdate","ESCU - Windows Mimikatz Binary Execution - Rule"
"DA-ESS-ContentUpdate","ESCU - Windows Mimikatz Crypto Export File Extensions - Rule"
"DA-ESS-ContentUpdate","ESCU - Windows Modify Registry Default Icon Setting - Rule"
"DA-ESS-ContentUpdate","ESCU - Windows Modify Registry Disable Toast Notifications - Rule"
"DA-ESS-ContentUpdate","ESCU - Windows Modify Registry Disable Win Defender Raw Write Notif - Rule"
"DA-ESS-ContentUpdate","ESCU - Windows Modify Registry Disable Windows Security Center Notif - Rule"
"DA-ESS-ContentUpdate","ESCU - Windows Modify Registry Disabling WER Settings - Rule"
"DA-ESS-ContentUpdate","ESCU - Windows Modify Registry DisAllow Windows App - Rule"
"DA-ESS-ContentUpdate","ESCU - Windows Modify Registry Qakbot Binary Data Registry - Rule"
"DA-ESS-ContentUpdate","ESCU - Windows Modify Registry Reg Restore - Rule"
"DA-ESS-ContentUpdate","ESCU - Windows Modify Registry Regedit Silent Reg Import - Rule"
"DA-ESS-ContentUpdate","ESCU - Windows Modify Registry Suppress Win Defender Notif - Rule"
"DA-ESS-ContentUpdate","ESCU - Windows Modify Show Compress Color And Info Tip Registry - Rule"
"DA-ESS-ContentUpdate","ESCU - Windows MOF Event Triggered Execution via WMI - Rule"
"DA-ESS-ContentUpdate","ESCU - Windows MSExchange Management Mailbox Cmdlet Usage - Rule"
"DA-ESS-ContentUpdate","ESCU - Windows Mshta Execution In Registry - Rule"
"DA-ESS-ContentUpdate","ESCU - Windows MSIExec DLLRegisterServer - Rule"
"DA-ESS-ContentUpdate","ESCU - Windows MSIExec Remote Download - Rule"
"DA-ESS-ContentUpdate","ESCU - Windows MSIExec Spawn Discovery Command - Rule"
"DA-ESS-ContentUpdate","ESCU - Windows MSIExec Unregister DLLRegisterServer - Rule"
"DA-ESS-ContentUpdate","ESCU - Windows MSIExec With Network Connections - Rule"
"DA-ESS-ContentUpdate","ESCU - Windows Multi hop Proxy TOR Website Query - Rule"
"DA-ESS-ContentUpdate","ESCU - Windows Multiple Disabled Users Failed To Authenticate Wth Kerberos - Rule"
"DA-ESS-ContentUpdate","ESCU - Windows Multiple Invalid Users Fail To Authenticate Using Kerberos - Rule"
"DA-ESS-ContentUpdate","ESCU - Windows Multiple Invalid Users Failed To Authenticate Using NTLM - Rule"
"DA-ESS-ContentUpdate","ESCU - Windows Multiple Users Fail To Authenticate Wth ExplicitCredentials - Rule"
"DA-ESS-ContentUpdate","ESCU - Windows Multiple Users Failed To Authenticate From Host Using NTLM - Rule"
"DA-ESS-ContentUpdate","ESCU - Windows Multiple Users Failed To Authenticate From Process - Rule"
"DA-ESS-ContentUpdate","ESCU - Windows Multiple Users Failed To Authenticate Using Kerberos - Rule"
"DA-ESS-ContentUpdate","ESCU - Windows Multiple Users Remotely Failed To Authenticate From Host - Rule"
"DA-ESS-ContentUpdate","ESCU - Windows Ngrok Reverse Proxy Usage - Rule"
"DA-ESS-ContentUpdate","ESCU - Windows NirSoft AdvancedRun - Rule"
"DA-ESS-ContentUpdate","ESCU - Windows NirSoft Utilities - Rule"
"DA-ESS-ContentUpdate","ESCU - Windows Non-System Account Targeting Lsass - Rule"
"DA-ESS-ContentUpdate","ESCU - Windows Odbcconf Hunting - Rule"
"DA-ESS-ContentUpdate","ESCU - Windows Odbcconf Load DLL - Rule"
"DA-ESS-ContentUpdate","ESCU - Windows Odbcconf Load Response File - Rule"
"DA-ESS-ContentUpdate","ESCU - Windows Office Product Spawning MSDT - Rule"
"DA-ESS-ContentUpdate","ESCU - Windows Password Managers Discovery - Rule"
"DA-ESS-ContentUpdate","ESCU - Windows Phishing PDF File Executes URL Link - Rule"
"DA-ESS-ContentUpdate","ESCU - Windows Phishing Recent ISO Exec Registry - Rule"
"DA-ESS-ContentUpdate","ESCU - Windows Possible Credential Dumping - Rule"
"DA-ESS-ContentUpdate","ESCU - Windows PowerShell Add Module to Global Assembly Cache - Rule"
"DA-ESS-ContentUpdate","ESCU - Windows Powershell Cryptography Namespace - Rule"
"DA-ESS-ContentUpdate","ESCU - Windows PowerShell Disable HTTP Logging - Rule"
"DA-ESS-ContentUpdate","ESCU - Windows PowerShell Export Certificate - Rule"
"DA-ESS-ContentUpdate","ESCU - Windows PowerShell Export PfxCertificate - Rule"
"DA-ESS-ContentUpdate","ESCU - Windows PowerShell IIS Components WebGlobalModule Usage - Rule"
"DA-ESS-ContentUpdate","ESCU - Windows Powershell Import Applocker Policy - Rule"
"DA-ESS-ContentUpdate","ESCU - Windows PowerView Constrained Delegation Discovery - Rule"
"DA-ESS-ContentUpdate","ESCU - Windows PowerView Kerberos Service Ticket Request - Rule"
"DA-ESS-ContentUpdate","ESCU - Windows PowerView SPN Discovery - Rule"
"DA-ESS-ContentUpdate","ESCU - Windows PowerView Unconstrained Delegation Discovery - Rule"
"DA-ESS-ContentUpdate","ESCU - Windows Private Keys Discovery - Rule"
"DA-ESS-ContentUpdate","ESCU - Windows Process Injection into Notepad - Rule"
"DA-ESS-ContentUpdate","ESCU - Windows Process Injection Of Wermgr to Known Browser - Rule"
"DA-ESS-ContentUpdate","ESCU - Windows Process Injection Remote Thread - Rule"
"DA-ESS-ContentUpdate","ESCU - Windows Process Injection Wermgr Child Process - Rule"
"DA-ESS-ContentUpdate","ESCU - Windows Process Injection With Public Source Path - Rule"
"DA-ESS-ContentUpdate","ESCU - Windows Process With NamedPipe CommandLine - Rule"
"DA-ESS-ContentUpdate","ESCU - Windows Processes Killed By Industroyer2 Malware - Rule"
"DA-ESS-ContentUpdate","ESCU - Windows Protocol Tunneling with Plink - Rule"
"DA-ESS-ContentUpdate","ESCU - Windows Query Registry Reg Save - Rule"
"DA-ESS-ContentUpdate","ESCU - Windows Raccine Scheduled Task Deletion - Rule"
"DA-ESS-ContentUpdate","ESCU - Windows Rasautou DLL Execution - Rule"
"DA-ESS-ContentUpdate","ESCU - Windows Raw Access To Disk Volume Partition - Rule"
"DA-ESS-ContentUpdate","ESCU - Windows Raw Access To Master Boot Record Drive - Rule"
"DA-ESS-ContentUpdate","ESCU - Windows Registry Certificate Added - Rule"
"DA-ESS-ContentUpdate","ESCU - Windows Registry Delete Task SD - Rule"
"DA-ESS-ContentUpdate","ESCU - Windows Registry Modification for Safe Mode Persistence - Rule"
"DA-ESS-ContentUpdate","ESCU - Windows Regsvr32 Renamed Binary - Rule"
"DA-ESS-ContentUpdate","ESCU - Windows Remote Access Software BRC4 Loaded Dll - Rule"
"DA-ESS-ContentUpdate","ESCU - Windows Remote Access Software Hunt - Rule"
"DA-ESS-ContentUpdate","ESCU - Windows Remote Access Software RMS Registry - Rule"
"DA-ESS-ContentUpdate","ESCU - Windows Remote Assistance Spawning Process - Rule"
"DA-ESS-ContentUpdate","ESCU - Windows Remote Service Rdpwinst Tool Execution - Rule"
"DA-ESS-ContentUpdate","ESCU - Windows Remote Services Allow Rdp In Firewall - Rule"
"DA-ESS-ContentUpdate","ESCU - Windows Remote Services Allow Remote Assistance - Rule"
"DA-ESS-ContentUpdate","ESCU - Windows Remote Services Rdp Enable - Rule"
"DA-ESS-ContentUpdate","ESCU - Windows Replication Through Removable Media - Rule"
"DA-ESS-ContentUpdate","ESCU - Windows Root Domain linked policies Discovery - Rule"
"DA-ESS-ContentUpdate","ESCU - Windows Rundll32 WebDAV Request - Rule"
"DA-ESS-ContentUpdate","ESCU - Windows Rundll32 WebDav With Network Connection - Rule"
"DA-ESS-ContentUpdate","ESCU - Windows Scheduled Task with Highest Privileges - Rule"
"DA-ESS-ContentUpdate","ESCU - Windows Schtasks Create Run As System - Rule"
"DA-ESS-ContentUpdate","ESCU - Windows Security Account Manager Stopped - Rule"
"DA-ESS-ContentUpdate","ESCU - Windows Security Support Provider Reg Query - Rule"
"DA-ESS-ContentUpdate","ESCU - Windows Server Software Component GACUtil Install to GAC - Rule"
"DA-ESS-ContentUpdate","ESCU - Windows Service Create Kernel Mode Driver - Rule"
"DA-ESS-ContentUpdate","ESCU - Windows Service Create SliverC2 - Rule"
"DA-ESS-ContentUpdate","ESCU - Windows Service Created with Suspicious Service Path - Rule"
"DA-ESS-ContentUpdate","ESCU - Windows Service Created Within Public Path - Rule"
"DA-ESS-ContentUpdate","ESCU - Windows Service Creation on Remote Endpoint - Rule"
"DA-ESS-ContentUpdate","ESCU - Windows Service Creation Using Registry Entry - Rule"
"DA-ESS-ContentUpdate","ESCU - Windows Service Deletion In Registry - Rule"
"DA-ESS-ContentUpdate","ESCU - Windows Service Initiation on Remote Endpoint - Rule"
"DA-ESS-ContentUpdate","ESCU - Windows Service Stop By Deletion - Rule"
"DA-ESS-ContentUpdate","ESCU - Windows Service Stop Via Net  and SC Application - Rule"
"DA-ESS-ContentUpdate","ESCU - Windows Spearphishing Attachment Connect To None MS Office Domain - Rule"
"DA-ESS-ContentUpdate","ESCU - Windows Spearphishing Attachment Onenote Spawn Mshta - Rule"
"DA-ESS-ContentUpdate","ESCU - Windows Steal Authentication Certificates Certificate Issued - Rule"
"DA-ESS-ContentUpdate","ESCU - Windows Steal Authentication Certificates Certificate Request - Rule"
"DA-ESS-ContentUpdate","ESCU - Windows Steal Authentication Certificates CertUtil Backup - Rule"
"DA-ESS-ContentUpdate","ESCU - Windows Steal Authentication Certificates CryptoAPI - Rule"
"DA-ESS-ContentUpdate","ESCU - Windows Steal Authentication Certificates CS Backup - Rule"
"DA-ESS-ContentUpdate","ESCU - Windows Steal Authentication Certificates Export Certificate - Rule"
"DA-ESS-ContentUpdate","ESCU - Windows Steal Authentication Certificates Export PfxCertificate - Rule"
"DA-ESS-ContentUpdate","ESCU - Windows Steal or Forge Kerberos Tickets Klist - Rule"
"DA-ESS-ContentUpdate","ESCU - Windows System Binary Proxy Execution Compiled HTML File Decompile - Rule"
"DA-ESS-ContentUpdate","ESCU - Windows System Discovery Using ldap Nslookup - Rule"
"DA-ESS-ContentUpdate","ESCU - Windows System Discovery Using Qwinsta - Rule"
"DA-ESS-ContentUpdate","ESCU - Windows System File on Disk - Rule"
"DA-ESS-ContentUpdate","ESCU - Windows System LogOff Commandline - Rule"
"DA-ESS-ContentUpdate","ESCU - Windows System Network Config Discovery Display DNS - Rule"
"DA-ESS-ContentUpdate","ESCU - Windows System Network Connections Discovery Netsh - Rule"
"DA-ESS-ContentUpdate","ESCU - Windows System Reboot CommandLine - Rule"
"DA-ESS-ContentUpdate","ESCU - Windows System Script Proxy Execution Syncappvpublishingserver - Rule"
"DA-ESS-ContentUpdate","ESCU - Windows System Shutdown CommandLine - Rule"
"DA-ESS-ContentUpdate","ESCU - Windows System Time Discovery W32tm Delay - Rule"
"DA-ESS-ContentUpdate","ESCU - Windows System User Discovery Via Quser - Rule"
"DA-ESS-ContentUpdate","ESCU - Windows Terminating Lsass Process - Rule"
"DA-ESS-ContentUpdate","ESCU - Windows Unusual Count Of Disabled Users Failed Auth Using Kerberos - Rule"
"DA-ESS-ContentUpdate","ESCU - Windows Unusual Count Of Invalid Users Fail To Auth Using Kerberos - Rule"
"DA-ESS-ContentUpdate","ESCU - Windows Unusual Count Of Invalid Users Failed To Auth Using NTLM - Rule"
"DA-ESS-ContentUpdate","ESCU - Windows Unusual Count Of Users Fail To Auth Wth ExplicitCredentials - Rule"
"DA-ESS-ContentUpdate","ESCU - Windows Unusual Count Of Users Failed To Auth Using Kerberos - Rule"
"DA-ESS-ContentUpdate","ESCU - Windows Unusual Count Of Users Failed To Authenticate From Process - Rule"
"DA-ESS-ContentUpdate","ESCU - Windows Unusual Count Of Users Failed To Authenticate Using NTLM - Rule"
"DA-ESS-ContentUpdate","ESCU - Windows Unusual Count Of Users Remotely Failed To Auth From Host - Rule"
"DA-ESS-ContentUpdate","ESCU - Windows User Execution Malicious URL Shortcut File - Rule"
"DA-ESS-ContentUpdate","ESCU - Windows Valid Account With Never Expires Password - Rule"
"DA-ESS-ContentUpdate","ESCU - Windows Vulnerable 3CX Software - Rule"
"DA-ESS-ContentUpdate","ESCU - Windows Vulnerable Driver Loaded - Rule"
"DA-ESS-ContentUpdate","ESCU - Windows WMI Impersonate Token - Rule"
"DA-ESS-ContentUpdate","ESCU - Windows WMI Process And Service List - Rule"
"DA-ESS-ContentUpdate","ESCU - Windows WMI Process Call Create - Rule"
"DA-ESS-ContentUpdate","ESCU - WinEvent Scheduled Task Created to Spawn Shell - Rule"
"DA-ESS-ContentUpdate","ESCU - WinEvent Scheduled Task Created Within Public Path - Rule"
"DA-ESS-ContentUpdate","ESCU - WinEvent Windows Task Scheduler Event Action Started - Rule"
"DA-ESS-ContentUpdate","ESCU - Winhlp32 Spawning a Process - Rule"
"DA-ESS-ContentUpdate","ESCU - WinRM Spawning a Process - Rule"
"DA-ESS-ContentUpdate","ESCU - Winword Spawning Cmd - Rule"
"DA-ESS-ContentUpdate","ESCU - Winword Spawning PowerShell - Rule"
"DA-ESS-ContentUpdate","ESCU - Winword Spawning Windows Script Host - Rule"
"DA-ESS-ContentUpdate","ESCU - WMI Permanent Event Subscription - Rule"
"DA-ESS-ContentUpdate","ESCU - WMI Permanent Event Subscription - Sysmon - Rule"
"DA-ESS-ContentUpdate","ESCU - WMI Recon Running Process Or Services - Rule"
"DA-ESS-ContentUpdate","ESCU - WMI Temporary Event Subscription - Rule"
"DA-ESS-ContentUpdate","ESCU - Wmic Group Discovery - Rule"
"DA-ESS-ContentUpdate","ESCU - Wmic NonInteractive App Uninstallation - Rule"
"DA-ESS-ContentUpdate","ESCU - WMIC XSL Execution via URL - Rule"
"DA-ESS-ContentUpdate","ESCU - Wmiprsve LOLBAS Execution Process Spawn - Rule"
"DA-ESS-ContentUpdate","ESCU - Wscript Or Cscript Suspicious Child Process - Rule"
"DA-ESS-ContentUpdate","ESCU - Wsmprovhost LOLBAS Execution Process Spawn - Rule"
"DA-ESS-ContentUpdate","ESCU - WSReset UAC Bypass - Rule"
"DA-ESS-ContentUpdate","ESCU - XMRIG Driver Loaded - Rule"
"DA-ESS-ContentUpdate","ESCU - XSL Script Execution With WMIC - Rule"
"DA-ESS-ContentUpdate","ESCU - Zeek x509 Certificate with Punycode - Rule"
"SA-IdentityManagement","Identity - Activity from Expired User Identity - Rule"
"DA-ESS-IdentityManagement","Identity - High Volume Email Activity with Non-corporate Domains - Rule"
"DA-ESS-IdentityManagement","Identity - Web Uploads to Non-corporate Domains - Rule"
"DA-ESS-NetworkProtection","Network - Excessive HTTP Failure Responses - Rule"
"SA-NetworkProtection","Network - Network Device Rebooted - Rule"
"SA-NetworkProtection","Network - Substantial Increase in Port Activity (By Destination) - Rule"
"DA-ESS-NetworkProtection","Network - Unroutable Host Activity - Rule"
"DA-ESS-NetworkProtection","Network - Unusual Volume of Network Activity - Rule"
